,0,1,2,3,4,5,6,7,8,9
0,0.0420476465736125,-0.0186050657975982,0.04486983694416171,0.004567879693802321,-0.02744546020825722,0.06227097440445201,-0.053938755410724515,-0.04344703433891285,0.015050335094593683,-0.039277294783995005
1,0.039215626214276864,-0.01599582059829612,-0.014024244166306833,0.03849795257788833,0.0020512206378736973,0.0752268381356429,0.01573182045797844,-0.022731070048011455,0.03338938981907009,0.0027435547055565087
2,-0.04391065190187662,-0.012775368943880844,-0.024790779425414643,-0.010140914965229286,-0.01065493261333201,0.027511077954002414,-0.008669417119443523,-0.0015934624605305288,0.04284835649132903,0.012370250738288967
3,-0.005104228378906817,-0.026962099880946628,0.004541344398030261,-0.009059686837955435,-0.00888949772406864,0.033533968578579224,-0.020603486623759448,0.08551354684424244,-0.0006513332308407443,0.06248322625323312
4,-0.05426440763606934,0.04810942889686636,-0.038844913445153714,-0.017760854491778763,0.010522693322127973,0.05131091608296909,-0.02931979014082867,0.051115876034701524,-0.10012479427771771,-0.024529717513911635
5,-0.017935407255612833,-0.029063036799830674,-0.019187807258678972,-0.03586943413660758,0.01422698939793219,0.01813538174725544,0.012876502218304532,0.0247043528570604,0.013225532157246495,0.07188477081923662
6,-0.07065328112442805,-0.00565617867822032,0.005121953173787608,-0.05365636115140983,0.16284990719813694,-0.03355210362403826,-0.012667196832595826,0.04453815699700119,-0.007852288042278806,-0.03651303001532816
7,0.004544146793692635,-0.04726634202164571,0.0692451565987435,0.06475767725170116,-0.009722978168992563,-0.03928528643321046,-0.0064650502808000125,-0.05000970411246503,-0.030525518090998245,0.02148043903191821
8,0.025441241579699014,-0.009154530610376254,0.035390150343681245,-0.00891833483167826,0.01048360800408508,-0.00669707232325226,0.03435375107518174,0.037736160893638494,-0.005312668726135452,-0.04116719254940237
9,-0.027883203327694322,0.06269317844954093,0.005407301932528974,-0.06046724399535041,-0.05844666449731469,-0.06718014579676797,0.006506203627047301,-0.008515953172871777,-0.01404668447384746,0.02092716280730968
10,-0.0047689424141912976,0.004341185188980286,0.0009813231606234753,0.0,0.01777083650362716,0.008315636510927087,0.041246185105767504,0.05172290440683675,-0.005703534068942953,-0.026856937555880665
11,0.022608936560761975,-0.014317722266252572,0.0937046466051816,-0.004076278021086278,-0.02345716410266958,0.07684094885798999,0.0468148524449947,-0.039061424995372865,0.017360654050432467,0.010732936776839846
12,0.033701995162427445,0.04060133438301715,-0.04354515391469401,0.13647779734600493,-0.028511304476511,-0.04306774311512718,0.04538746949698941,-0.033811690110569836,-0.03591338407520042,-0.026248304139356454
13,-0.0526196596897607,-0.05434909802304776,-0.02121135988423869,-0.08555060571758455,-0.039411505407884025,0.008848373640915865,0.033632357547503496,-0.0044100226667632084,0.00781551808374069,0.0316704183630427
14,-0.08400711655412525,0.0145588224263252,-0.027039955331931556,-0.01279880900378342,-0.008513770181392374,0.007635709159645326,0.0364115748494227,0.01149688144682204,0.03447491597674261,0.009236091402762816
15,-0.02073766181253054,0.09914769210873303,0.032334956806767734,-0.017894481328780087,0.08565997987360369,-0.036656331289845474,-0.04510113404929751,0.015882864394345053,-0.03164001263668309,-0.036815851404853384
16,-0.1300536197056025,-0.03404375973637277,0.012364002797639197,-0.019659720467752304,0.04914224095001368,0.011273029688444857,0.03470191859559041,0.04198040685333565,-0.049446779654021285,-0.034306135942205405
17,0.037815133212816744,-0.031038696125950168,0.11859288794242845,-0.02572012759932572,0.00943722513000995,0.04016858157960441,-0.011323417419123679,-0.030007921021757807,0.006006285633992632,-0.029668783337368557
18,0.01701520794371268,0.010582676772054348,0.007673608641494096,0.025820774096639576,-0.02162578646003762,0.022065871701767957,0.018648776230380054,-0.03141244733917508,-0.023310601444481594,0.007851712984733904
19,0.04295951106616397,0.02668757176603429,0.028729113031068922,-0.09090895015224804,0.05310019864950991,-0.09597758245406876,-0.014333250716934443,-0.02402678046567622,-0.13311440095750354,-0.061288767442125365
20,0.11139927894893915,0.0018535888470313725,0.052943362421583456,0.02574445762773795,0.03232859054147984,-0.10225844922816506,0.04299481505856281,-0.06698981432993696,-0.017475275806080985,-0.026143727759792106
21,-0.04370801502957595,-0.07269747671082513,-0.08975315222682992,0.011062307926308051,0.0026938518455445447,0.006719855492710173,-0.024884070372610805,0.04601575031048529,0.017595578967211607,0.007428416417285304
22,0.03885093157283766,0.014638577304870481,0.08560286969737582,-0.0184196996685662,-0.009679833184638883,0.07392359102283928,-0.03165079088018714,0.022041780725344365,0.0653919236337637,-0.027690063520636785
23,-0.08259000217072575,-0.01180750954154687,0.004454082816757724,-0.014191244861986129,-0.027678176704677468,0.06342806731837092,0.00818611703503047,0.01821213490511712,0.08906483830490641,0.05295657350173973
24,-0.01841746653855643,0.10129374942844864,0.014959205242507658,0.0036892106307282934,0.03474762238280826,-0.032546701554225295,-0.041344456262643325,-0.030480875913240623,-0.009914277651086828,-0.0350973390292733
25,-0.020753293448613493,-0.032742662266361786,0.04611436715854157,0.02192306759019578,-0.013151644604589749,-0.058563770400446656,0.015786848877965148,-0.027098165078755385,-0.06665028711930861,0.06349642909503775
26,-0.03327203399278199,0.037282658259179875,0.003912505303787097,-0.06531200021225701,-0.09841350762109546,0.0022234231245019374,-0.011339251811045321,-0.032363723398652726,0.016239339515496814,0.015085931774874018
27,-0.029527670382209926,-0.07204646959005963,0.027506785562931207,-0.057552202555142394,-0.005267483660668789,0.025485576328977643,0.034869560714409865,0.010065453213408175,0.017447168293535195,0.03123138249676008
28,-0.0365452263953676,-0.023420038911545645,-0.021467974880892225,-0.03153244192341486,0.010424813367114063,0.0016692784878131592,0.008899177377024604,0.02561637239230264,0.019985079244389414,0.004757315180537698
29,0.0037406509908083107,-0.009659753352978953,0.09511602744834785,0.023537584199072335,0.04711026921632613,-0.004085753538995033,0.02009587413887161,-0.04942174661134515,-0.06055408011492239,0.018996302290198885
30,-0.01852359389709819,-0.06231207430789371,0.0030128342650724027,0.03533609690467179,0.028199570180975495,0.08446500510403564,-0.04597774550616727,-0.05041734475340579,0.05085018268891922,-0.03988104051119231
31,-0.05994029264555026,-0.05837726026879544,-0.020855183046815252,0.00902599668405317,0.0252501534244744,0.05032967015132831,0.016298813123625994,-0.00994939622726501,0.005590782285040838,-0.03414731593351526
32,-0.028925307813117022,0.0025741870403893532,-0.006962654897813885,0.06499913745985862,0.03510860053391592,-0.11042816111379149,0.0598657057252771,-0.06821042754608476,-0.03374354723255822,0.0006927841130856542
33,-0.019448093964319048,-0.06037921810851817,-0.0013809878287871719,-0.000736873873914669,0.01718485752407245,-0.013279361247652194,0.013935759217955678,-0.013320606515535384,0.018540056245582723,0.041252519892706674
34,0.008889702723480507,0.11645407358929181,-0.010626179237569146,-0.0030212670360604127,0.03137568552485516,-0.02470247114700649,-0.010300724920416263,0.05269992627400941,0.05145248577988411,-0.040227433930065705
35,-0.009284120974679051,0.06932239459132984,-0.025915552117436413,0.011692778391891997,0.11844470029240313,-0.01275698332000172,-0.002579261132291014,0.02336353150320493,-0.02285774499842822,-0.010307777796030192
36,0.011403241167643095,0.036036489544316506,0.02733833704105117,-0.023545407425091144,-0.03830448274492747,0.02415143165273756,0.002084806027733111,-0.012583743048542812,-0.0025254913315394586,0.058560679142809206
37,0.021423755486995655,0.020100645016799278,-0.013391350169988077,0.11168396384155611,-0.004297290152483045,-0.03504659891609836,0.0040746194225115585,-0.19266028175885772,0.03934220748187278,-0.1190900130490358
38,0.03737982308276068,-0.016309325092771172,0.04084361595122491,-0.006030148172466069,-0.010860010766765387,0.08468997359536275,0.017793110128148625,0.0257020338629685,0.048852991707360315,-0.04510168678466151
39,-0.004584558334649893,-0.010677493293421025,0.07054417305996771,0.020842301086209953,0.034516140324208106,0.052795654959795844,-0.04507082692396553,0.004575537821788024,0.018308296260329884,0.005405933851354261
40,0.015854552531426345,-0.03012041572888061,-0.017793857247001013,0.023741001003980296,-0.003226570220828249,-0.01456402222225391,-0.0038951781283910313,0.03824315975606412,-0.017601790016278183,0.027218736350369775
41,0.0,0.020179007336200486,-0.029147235773592045,-0.03222792661297361,-0.0015437574909797024,-0.001646304056166123,0.003753812232714199,0.040998120391062196,0.018750425224697265,0.011596379168647971
42,-0.00879899147119995,0.028765979401695372,-0.06152562260226092,-0.06694157790549037,0.005893144953631105,-0.03113570898126404,-0.07115349035042637,0.02453610959387272,0.02567265157776795,-0.036903319182643064
43,-0.0066254952707057125,0.05145444653330967,-0.014867179371072306,0.07227596664402818,-0.025504929628667867,-0.02698541617669088,0.042433161305485696,-0.0014181716864387882,0.01227036671581119,-0.0015484940351384294
44,0.10828284144343721,-0.11962817904435513,-0.007985840969883497,-0.029527871702819387,-0.17606438033236207,0.05919224270093839,0.1081913014353804,-0.06758618210588654,-0.08702325114252589,-0.1943673415967461
45,-0.007185252244593711,-0.009765351509839402,0.03879283457375783,0.0689334707486883,-0.011740691049927048,-0.022803936663173742,-0.014079759696858783,-0.014652332455647565,-0.011328078444585,0.027417775792542762
46,-0.023983062022354402,-0.006526263167701664,-0.02145755968441517,0.0041699555135429585,-0.012042962219149059,-0.023194390401282794,0.0,0.014663804557821954,0.020660239179535647,0.10512021874752876
47,0.039215626214276864,-0.01599582059829612,-0.014024244166306833,0.03849795257788833,0.0020512206378736973,0.0752268381356429,0.01573182045797844,-0.022731070048011455,0.03338938981907009,0.0027435547055565087
48,-0.04391065190187662,-0.012775368943880844,-0.024790779425414643,-0.010140914965229286,-0.01065493261333201,0.027511077954002414,-0.008669417119443523,-0.0015934624605305288,0.04284835649132903,0.012370250738288967
49,0.036967097389463896,-0.0026856536174742016,-0.02822879257642173,0.0025664096713917534,0.0033859639032283056,0.0,0.008252395916116768,0.007614435670584947,0.05342047718785039,-0.14751394133109047
50,-0.061815258466179135,0.03793173122106735,0.08980262660154321,-0.051710272633686924,0.02466128624553106,0.04728095113221182,-0.03705822950177526,0.0031503124619730546,0.15282684424820733,0.1830105512476175
51,0.014190045775417158,-0.016610105931035443,0.06047434825546598,-0.0365099597565448,0.021935525305018952,-0.04632002464438525,0.055082007906808166,-0.009909423407196076,-0.0835255091990312,-0.0486296045950379
52,-0.005735617737067437,-0.044306732979391,-0.012133801651884869,-0.04193656415796579,-0.07501489888847508,0.03641472508886724,0.03582379480881875,-0.06404169458231311,-0.08432978238157889,-0.021894792667272525
53,-0.007702951759181046,-0.014929919933590878,0.024508545936571268,-0.04154040765233534,0.028966726471716966,0.001627293726663715,0.04783630934884251,0.012806118619618147,-0.015355959724202364,0.010123897714550691
54,0.015522710636125026,0.021314770274561967,0.030192632413832608,-0.04603578702751985,-0.04778116408159564,-0.057862312109158195,0.0811071716531548,0.029244003185864575,0.038168092606371024,0.011690427046687182
55,0.004387614170758985,-0.06268238146456576,-0.051939190744424435,-0.059723930604817024,0.008035403910443566,-0.012200968251661946,-0.011521114318279674,0.0192326186671052,0.034962246222391406,-0.05564547966342601
56,0.019243337333981446,-0.11941872903390702,-0.06853772784772688,0.030188005015538096,-0.020712599835251425,0.09084535366918417,-0.0322347504762924,0.0024730081454534467,0.07733660015259645,-0.029990936806148123
57,-0.0030990837772861407,-0.023062934076954925,0.06400617409835851,0.05483747601952241,-0.05245692358791801,0.01876173943682803,0.010725592995322906,0.029980356483674964,-0.011000341702864798,-0.014362319832493376
58,-0.020558922311867834,-0.03969034442107318,0.04981400705921958,-0.04306608095405203,-0.03637952711661609,-0.034561322271962826,-0.032596549894937876,-0.042400654553693205,0.05014612013175129,0.03592766202861565
59,-0.010962471274008397,0.006991497946676424,0.07561793243345886,-0.008885012098186552,0.020960097677775628,0.017422534525358482,-0.029502862857131773,-0.02719221121183106,0.09477974957224926,0.016440132338774477
60,-0.021385568015942373,0.02689798700767035,-0.008079854053051252,-0.024052905001413154,-0.04360988970959832,0.1023831682050007,0.008845703814249772,0.012267926370014599,-0.11500907260977107,0.01199787672197607
61,0.0106775215075853,-0.029916416717069978,-0.011991990269526626,-0.008074872260101748,0.007157198794572194,0.04797619727614199,0.012501287035824054,0.026004541525368047,0.011253051461565867,0.05571563802583589
62,-0.013604689499121468,0.08422034565693194,-0.030533609451921715,-0.05283007908200826,0.021329641813889716,-0.03419350855923581,-0.03679066094909101,0.02434281560276319,0.047608628507915064,-0.045280722272607425
63,0.035435471384859474,0.01038899182172849,0.03808631847175058,0.053470607181053585,-0.05008858139032862,-0.04517112472902784,-0.009958892925002294,-0.03097505071249317,-0.02713088760796241,0.05840408931883786
64,0.00680499127801479,0.0370185369021691,-0.01242776478843201,-0.03822120549903626,0.0060842451002233264,-0.03906509071579874,-0.04774009149289866,0.03238368538813534,0.02816565702658826,-0.046246075720908754
65,-0.015593915183054575,0.02033545257881796,0.020467549327630563,-0.04001015612203632,-0.0236131648183983,0.010338404394113244,0.013146523846140724,0.0,0.034584746150701194,0.015172200825923174
66,-0.06911561261757793,0.05220777650557875,-0.07994640804667671,-0.01678952835310563,-0.03226638524070639,-0.14385735115733841,-0.06124683191908113,0.015465849819588283,0.05923017271625952,-0.03870705437625524
67,0.019572813870014593,0.031785263947322805,-0.08517817910372556,0.050362801901553796,-0.08996291281975986,-0.01888561170033965,-0.02612583947546712,-0.10040862665652717,-0.07467289180744487,0.016828512161034814
68,-0.036566935901801274,-0.050284344573557946,0.050536500365960385,0.024496517851222296,0.010542430030110765,0.029793624860013017,-0.006086820914747834,0.03918632839365475,0.051020106102736204,0.037619485470337916
69,0.06946021672700971,-0.019094480991668543,-0.008602076893100847,0.06571893180558315,-0.03908990609362591,0.03157967891330373,0.05363456615541454,-0.025447904116955203,-0.018164536530134338,0.04198386331166363
70,0.014424385196209154,0.11673963561511454,0.12219360921945818,0.0039274507694307065,0.04304158707205944,-0.08720850977861513,-0.022951186332465217,-0.023131780754699228,0.020917572845863947,-0.029885014713715113
71,-0.031234909395064722,0.06209517400244391,0.03122246653131851,-0.08983369745528949,-0.06720887304681554,-0.026271703263082386,-0.01498486183666258,0.002225014818910837,-0.005887805393711848,-0.02060685151594954
72,0.02037572723044479,0.011879894859935469,0.01454996027697138,0.01966836202097756,0.029526876618157866,0.005737624572708634,0.02551566579350048,0.020410001447582322,-0.028412081392957516,-0.02698311813397561
73,-0.046688579428109146,-0.03892581191987842,0.0449604864235422,-0.037144196016007325,0.18539050632621154,-0.1283263091771544,-0.03508274035553533,0.0034013719015766014,-0.10500776202897448,-0.03738636928534479
74,-0.0034757404237098456,0.027498185057208087,-0.020377991747663724,0.07274753958882835,0.12757408921217583,0.017970552719908724,0.08350160371368077,-0.028560007442700156,0.01706854052582101,0.018456082576349262
75,-0.032436632452409374,0.004321166322064483,-0.02515185339132414,-0.0507222736432279,0.024256191586427285,-0.023408760330650927,0.039621380029157625,0.03410643507781533,-0.002721550346405445,0.0599334011339135
76,-0.01975782040532815,-0.025256958185814193,-0.05632077270016271,0.003215537158723697,0.03725673898771933,0.030084914854150883,0.06410478591707554,-0.042283701491037384,-0.06683962193482777,0.04173596262010627
77,0.018207372554426112,0.04638278670803129,0.01788839961767555,-0.012672584599176475,0.005663348664549512,-0.04496200533318292,-0.017959035772656656,0.01777961300188519,-0.042523386935722406,-0.002432693066120897
78,-0.023171880858346042,-0.06577262025814479,-0.040917986075542104,-0.007510267042684623,0.0,0.009318966309626243,-0.004492578959413105,0.04821627746247255,-0.018266437059916558,-0.004554560347823497
79,-0.019448093964319048,-0.06037921810851817,-0.0013809878287871719,-0.000736873873914669,0.01718485752407245,-0.013279361247652194,0.013935759217955678,-0.013320606515535384,0.018540056245582723,0.041252519892706674
80,-0.03693318523560689,-0.026517515919388647,-0.0545737604898287,-0.0014739004168566822,-0.000776925580133294,0.018333789205809425,-0.010078382270240107,0.012816102145416638,-0.017659484207185345,0.015216997334582332
81,0.026429362272566367,0.030246539731002345,-0.022061138395788733,-0.03632982786293348,0.022637923197194574,0.0027469579572606566,-0.013683100461853823,-0.0019049863456456252,0.07134904877848597,0.005102651946252568
82,0.014741925081463146,-0.014815897702925362,0.10464356544848774,-0.004075758248881786,-0.03285031819203097,0.005368752822365595,-0.20949172119505274,0.029675955377300743,-0.14509666340011265,-0.10019771615907455
83,0.05724122995987889,0.021605831206489314,0.030673100192787413,0.04693595102626898,-0.055664150658641054,0.006555460153979254,0.015016495499768101,0.004968196848278734,-0.001880363546707558,-0.021803494365559423
84,-0.004411462923956481,-0.04298803169610829,0.01888769591794544,0.007217176968394322,0.033851659457717696,-0.006553047088027293,0.021319273213515164,0.017431919354313662,0.01938168867431936,0.04271903705638282
85,0.014799396443245658,-0.032247865828526144,-0.030196323910728913,-0.0014641744226877398,-0.0015431343913102629,0.004946054570807634,0.04457985178925304,0.014143506882015013,0.014128774376744565,0.09082100634259109
86,0.014799396443245658,-0.032247865828526144,-0.030196323910728913,-0.0014641744226877398,-0.0015431343913102629,0.004946054570807634,0.04457985178925304,0.014143506882015013,0.014128774376744565,0.09082100634259109
87,-0.00879899147119995,0.028765979401695372,-0.06152562260226092,-0.06694157790549037,0.005893144953631105,-0.03113570898126404,-0.07115349035042637,0.02453610959387272,0.02567265157776795,-0.036903319182643064
88,0.01126293369148622,0.001920660797437913,-0.006926986795911694,0.04218957127264009,-0.06861216096390518,-0.017433175781072695,0.015663982156873847,-0.00861063886760888,-0.004749065102303427,-0.010093032687163758
89,-0.06356517999631263,-0.2358550331327168,-0.07034023024026301,-0.010685243489097758,-0.022367581164921543,0.036190772290043284,-0.006088802894686393,-0.04930742903077362,0.08206173526797987,-0.06266899863207759
90,0.008904410983261559,0.05129067615985917,0.025126219464742833,-0.02430003017693536,0.021909142051581197,-0.03646763917580104,-0.028133804280248077,0.000354275133486578,-0.009836895146681702,-0.00804759342005309
91,-0.018275841772437608,0.009523059538954909,-0.03609673002807129,-0.0653493854851549,0.058312066935967376,-0.020188239888025955,0.040882644779348415,0.0035862964367245702,-0.027093792352500888,0.04729296704449582
92,-0.06141917150149181,0.05347058659495182,-0.014457823561092565,-0.014967792540918262,0.04059045272106302,0.0021883595331938675,0.05709347140823737,0.014467860327482308,-0.030135187317268206,0.027404785031392476
93,-0.00936952678390873,-0.02742797755867041,-0.009501646094662232,-0.010105654482040203,0.025787029056894267,-0.011422896914281078,-0.0017326726114418585,0.03232065500679489,0.015071642546629491,0.0727585653052693
94,0.036967097389463896,-0.0026856536174742016,-0.02822879257642173,0.0025664096713917534,0.0033859639032283056,0.0,0.008252395916116768,0.007614435670584947,0.05342047718785039,-0.14751394133109047
95,-0.061815258466179135,0.03793173122106735,0.08980262660154321,-0.051710272633686924,0.02466128624553106,0.04728095113221182,-0.03705822950177526,0.0031503124619730546,0.15282684424820733,0.1830105512476175
96,0.014190045775417158,-0.016610105931035443,0.06047434825546598,-0.0365099597565448,0.021935525305018952,-0.04632002464438525,0.055082007906808166,-0.009909423407196076,-0.0835255091990312,-0.0486296045950379
97,-0.005735617737067437,-0.044306732979391,-0.012133801651884869,-0.04193656415796579,-0.07501489888847508,0.03641472508886724,0.03582379480881875,-0.06404169458231311,-0.08432978238157889,-0.021894792667272525
98,0.004544146793692635,-0.04726634202164571,0.0692451565987435,0.06475767725170116,-0.009722978168992563,-0.03928528643321046,-0.0064650502808000125,-0.05000970411246503,-0.030525518090998245,0.02148043903191821
99,0.01563237131214335,0.03340446986651912,-0.0431337564238067,-0.04531797173021026,-0.054236228989379597,0.10686749155545959,0.031798856028397306,0.028790316698554277,0.014243360251361368,0.024520179735459637
100,-0.06692072963421326,0.03307007452881158,-0.02751197756056401,0.02740279799984098,0.026165805307675725,0.0,0.051107687086376835,0.021901450270469067,-0.010849172150527216,0.01593189390546268
101,-0.029030479217673186,0.026238329834904515,-0.10793662654894122,-0.07314893262592442,0.031828830061736875,-0.02209738653648099,0.06894715677044122,-0.02964487605410742,0.0032785330185936047,0.0634750414345753
102,0.04169144779632357,-0.051575312569447834,0.01562795851208163,0.01256362923213832,0.04026164609685837,-0.01188812035224452,-0.01435249272355579,0.05924654193011052,0.024888581638867705,0.0018584476355106873
103,-0.020558922311867834,-0.03969034442107318,0.04981400705921958,-0.04306608095405203,-0.03637952711661609,-0.034561322271962826,-0.032596549894937876,-0.042400654553693205,0.05014612013175129,0.03592766202861565
104,-0.01005683787392681,0.0675978768226612,-0.013510165159983739,0.006744424866398196,0.08509212145153452,-0.00999425861823765,0.016971226966844735,0.01216046834237804,-0.035970253760246026,-0.02958805771436801
105,0.0106775215075853,-0.029916416717069978,-0.011991990269526626,-0.008074872260101748,0.007157198794572194,0.04797619727614199,0.012501287035824054,0.026004541525368047,0.011253051461565867,0.05571563802583589
106,0.06176767088676848,-0.033781719423228995,-0.04949974596093175,0.02023006603787801,-0.03205068882609511,-0.048475684309524675,0.02646948448741271,0.0359113437095859,-0.055169040206564136,-0.08150581320423057
107,-0.014946753006644808,0.04831633774924293,0.009390090981151896,0.04064875844803751,0.05637692415870647,-0.05343736435067589,-0.03428266270535623,-0.009158753892478626,-0.04106445290130643,-0.022268036242531944
108,-0.021847330342277194,0.05156101152145893,-0.028054327653759512,0.1265717939948051,-0.027118107675673263,0.010068171701685875,0.03048597841889071,-0.010413646792325102,-0.03978230321240732,0.004929738684313973
109,0.014914134256091494,0.022644850087436944,-0.037487972729014704,-0.022395869926349305,0.009690523030710113,0.01732197039392687,0.0,0.02608738678368198,0.018485477160636768,0.0371391199134383
110,-0.013767331554362147,0.040644265180228845,0.06154512073561046,0.033654709896779704,0.03776336140768294,0.05698653024448621,0.04637756523574801,0.02660811807157252,0.02208798770495873,0.056429310650810374
111,0.0013594323909473882,0.05857538125207443,0.024121563598207618,0.03066200207542956,-0.09585017373614063,0.05665032994675741,-0.07284226607786681,-0.013181657517978099,-0.031852945261033785,-0.10925541205126962
112,0.11139927894893915,0.0018535888470313725,0.052943362421583456,0.02574445762773795,0.03232859054147984,-0.10225844922816506,0.04299481505856281,-0.06698981432993696,-0.017475275806080985,-0.026143727759792106
113,-0.00557074781775796,-0.036198438548436775,-0.06959566138182662,0.021318320306320287,-0.050711366454626046,-0.05456322605395967,0.0460457611072687,0.01923250623285794,0.010407346350149924,0.022627378680297794
114,-0.006979931016442359,0.06812645790831987,-0.0347376211498221,0.02807470167817489,0.06624068770742593,-0.036459696747910095,-0.014898583526374548,0.0385842859196879,0.04762820168659877,-0.06010722645381935
115,0.014424385196209154,0.11673963561511454,0.12219360921945818,0.0039274507694307065,0.04304158707205944,-0.08720850977861513,-0.022951186332465217,-0.023131780754699228,0.020917572845863947,-0.029885014713715113
116,-0.031234909395064722,0.06209517400244391,0.03122246653131851,-0.08983369745528949,-0.06720887304681554,-0.026271703263082386,-0.01498486183666258,0.002225014818910837,-0.005887805393711848,-0.02060685151594954
117,0.02037572723044479,0.011879894859935469,0.01454996027697138,0.01966836202097756,0.029526876618157866,0.005737624572708634,0.02551566579350048,0.020410001447582322,-0.028412081392957516,-0.02698311813397561
118,-0.028548407405751416,0.04974330139001652,-0.03480267867593589,0.17583334115496613,-0.12028442756943483,-0.04622531377028633,0.003698527000898104,-0.0792076972721441,-0.04555073344155539,0.030724513601620287
119,-0.00965294442623364,0.037554599147290056,-0.05577171840125485,-0.004571700965301591,0.027968229769040377,-0.024464268389241654,0.062104706102355536,0.09499653003406706,0.016628551415280652,0.08355877701256081
120,-0.020408815660310806,-0.05258041701883053,0.02155549803186173,-0.0208106600685563,0.04893388068887583,0.04886493891105615,-0.002232220188491384,0.05508038810825273,-0.05311996910186764,-0.0035904901936243327
121,0.0339702578571091,-0.003765346253432361,0.02205577943228008,-0.06294867051882391,-0.061340050688338484,0.025012561647469768,0.04524819108707342,0.023263240901152123,-0.03476510024250256,0.04468837286454168
122,0.03401739427505009,0.01979133511111569,-0.011873722872038639,0.005371394347783081,-0.04214435144713564,-0.02366297658591736,0.019332898799602326,-0.032075529411450324,-0.002963939947049906,0.05596766839260207
123,-0.06237655678869787,0.09573051641158402,-0.054180596178208404,-0.03804595324461201,0.002618189326470596,-0.008358834385204586,0.05548988119277978,0.026143202320082812,-0.10218162921284395,0.05990669559533795
124,-0.016180147247293247,0.08157163643253482,-0.02368584100147141,-0.012226672758312794,0.00912682950771495,-0.013736112252528996,0.05708926398258801,-0.021715522523429204,0.012170355416797646,0.0959694113838382
125,-0.019448093964319048,-0.06037921810851817,-0.0013809878287871719,-0.000736873873914669,0.01718485752407245,-0.013279361247652194,0.013935759217955678,-0.013320606515535384,0.018540056245582723,0.041252519892706674
126,0.02218298081057981,-0.024407962269153018,-0.03403964713412703,0.021470903507691912,0.002574813127293037,-0.01802896825588901,-0.0020714122535223987,0.05381882012438649,0.006216959364917401,-0.00042527925030828954
127,-0.4356443182404287,0.02921133444859868,0.01816796939745589,-0.014292317561664068,0.11775438303738112,-0.004584594995999376,-0.02659864541381238,0.0037472474879820194,-0.2554148866348134,0.03229063916841568
128,0.024888887424128144,0.048655387483130474,-0.04946648305000142,0.0058278802862874405,0.018545931479669254,0.007118030217328495,-0.0015422773553344965,-0.02003799065378848,0.04445204566234783,-0.017726604004243755
129,-0.01666248820054944,0.011771849646982534,0.04049346500471713,-0.01576067989056185,0.0444441555828728,-0.006526880690870233,-0.035402053031473445,0.015826642792065623,0.007511953606526229,0.027428190746426124
130,0.014799396443245658,-0.032247865828526144,-0.030196323910728913,-0.0014641744226877398,-0.0015431343913102629,0.004946054570807634,0.04457985178925304,0.014143506882015013,0.014128774376744565,0.09082100634259109
131,0.021097129613516816,-0.06807060669855532,-0.06272167594907437,0.005589344285430542,-0.029184513727498314,-0.09375243735144961,0.026679665280903292,0.019364964789783695,-0.044962195776955066,-0.04639850640058518
132,-0.022715858196135513,0.0525219921741159,0.013880455469808112,0.001852786418726523,-0.007794870644599722,0.04745671492978553,-0.05555472948195219,-0.012167895657447927,0.01909771996728506,-0.009369303503407
133,-0.1729773957812112,-0.07782289630328453,-0.010011660921801765,-0.021214498022151307,0.033922789146799574,-0.008022657906422584,-0.053615089114675656,0.06189943447170578,-0.0763545352572644,0.3391920821096043
134,0.008904410983261559,0.05129067615985917,0.025126219464742833,-0.02430003017693536,0.021909142051581197,-0.03646763917580104,-0.028133804280248077,0.000354275133486578,-0.009836895146681702,-0.00804759342005309
135,0.006984264940366622,-0.03993663467217769,-0.0612298530766311,0.05530599037774739,-0.01892309452470361,0.0538673166215867,0.003899607155072445,-0.020436935909738496,0.05762071516124826,-0.053975687115591996
136,0.039215626214276864,-0.01599582059829612,-0.014024244166306833,0.03849795257788833,0.0020512206378736973,0.0752268381356429,0.01573182045797844,-0.022731070048011455,0.03338938981907009,0.0027435547055565087
137,0.03770168758436112,0.004476757567011241,-0.069015939156811,-0.05775643322425212,-0.012993746796865857,-0.029761925951872364,-0.008657317444468739,-0.007934068996800261,0.02545661123383893,-0.00867535304347422
138,-0.00936952678390873,-0.02742797755867041,-0.009501646094662232,-0.010105654482040203,0.025787029056894267,-0.011422896914281078,-0.0017326726114418585,0.03232065500679489,0.015071642546629491,0.0727585653052693
139,-0.0019696733309043602,-0.03123172031052457,0.0024046268522212666,0.0032114122666407935,0.0,0.010873426269249208,0.008279657955428623,0.04029524011816574,-0.1797277550328935,-0.016804643611213727
140,0.027819343080972107,0.09935566707562639,-0.04845053052002213,0.023389959085071278,0.044317974843532636,-0.04882823488503693,0.0034255341782744846,0.11527778690235309,0.222976047051996,-0.07256608415659273
141,0.014190045775417158,-0.016610105931035443,0.06047434825546598,-0.0365099597565448,0.021935525305018952,-0.04632002464438525,0.055082007906808166,-0.009909423407196076,-0.0835255091990312,-0.0486296045950379
142,-0.02267758032795539,-0.015381533338090931,0.05315234425628177,-0.007544156337533534,-0.04506409734697383,-0.014566920227925183,-0.03580132065900141,-0.05585895332875633,0.03369535360716578,0.03584832325422017
143,0.004544146793692635,-0.04726634202164571,0.0692451565987435,0.06475767725170116,-0.009722978168992563,-0.03928528643321046,-0.0064650502808000125,-0.05000970411246503,-0.030525518090998245,0.02148043903191821
144,0.024499024371936927,-0.04772224716744815,-0.042461191182923005,-0.051440268133622964,0.10017037916818945,0.041898440160388004,0.031305533988992565,0.010743813077519213,0.02987484990971756,0.0
145,0.0242537769675897,-0.030438651813916185,0.025675364549526136,0.02481691788016051,0.0,0.06733991836725581,0.023814833404900662,-0.008183565926442864,0.019411070568741876,-0.020246286735752295
146,0.019243337333981446,-0.11941872903390702,-0.06853772784772688,0.030188005015538096,-0.020712599835251425,0.09084535366918417,-0.0322347504762924,0.0024730081454534467,0.07733660015259645,-0.029990936806148123
147,0.051936141165078116,0.056846374388652365,-0.046616349855580726,0.016679404470787626,0.013246507001127594,0.042953427550080456,-0.009022498834853582,-0.013199353541458774,0.07854472469589946,0.020427633845524023
148,-0.029109119803066883,0.05511313074437036,-0.0403512564016677,-0.03450410665202381,-0.03239545259411155,-0.042949488308274573,-0.046104915975197655,0.03782538191483746,0.043773476470882464,-0.05692516716184134
149,0.04957665960235572,-0.014947352015971034,0.006319265905717645,0.08070549197627422,-0.00936794399047224,0.022361431395006882,0.01322284707738211,-0.027132479690954853,-0.03604944143449752,0.0777917379272744
150,0.028381496796040757,-0.02915926575366979,0.024311747429005447,-0.008623465036177889,-0.02536026562162786,-0.04652552539957866,0.07770379071438568,0.008135003042062978,0.016263917993037273,-0.09439522341107473
151,-0.02073766181253054,0.09914769210873303,0.032334956806767734,-0.017894481328780087,0.08565997987360369,-0.036656331289845474,-0.04510113404929751,0.015882864394345053,-0.03164001263668309,-0.036815851404853384
152,0.007619344502619455,0.04213787192445552,0.05009989607871531,-0.04750643813484597,-0.04234036586525584,-0.013121921081352513,-0.03368113359237263,-0.02046491698188075,0.0711582631668386,0.03906638875765835
153,0.037815133212816744,-0.031038696125950168,0.11859288794242845,-0.02572012759932572,0.00943722513000995,0.04016858157960441,-0.011323417419123679,-0.030007921021757807,0.006006285633992632,-0.029668783337368557
154,0.016607859259787913,-0.04147587524728525,-0.0209840661076334,0.009190961693748815,0.016236446809452243,0.0,0.028366467176846363,0.013943655693441413,0.04524949022247343,0.0498978760468521
155,0.04295951106616397,0.02668757176603429,0.028729113031068922,-0.09090895015224804,0.05310019864950991,-0.09597758245406876,-0.014333250716934443,-0.02402678046567622,-0.13311440095750354,-0.061288767442125365
156,0.04295951106616397,0.02668757176603429,0.028729113031068922,-0.09090895015224804,0.05310019864950991,-0.09597758245406876,-0.014333250716934443,-0.02402678046567622,-0.13311440095750354,-0.061288767442125365
157,-0.02654813657477225,-0.07699912156068237,0.019974443684601672,-0.04809711767311823,-0.051143888220005186,0.06067028212177024,0.020912721588661077,0.007850295284662584,0.027568702563246852,-0.0060909885428640734
158,0.049964323916498174,-0.03843294625751684,0.026304912374660296,0.06282587857818818,-0.03417486079665334,-0.019630498965022305,0.04195513675472879,0.03592610782208461,-0.07323332814728233,-0.03307473366569884
159,-0.04980055434990951,0.008394960192842542,-0.01759038400068654,-0.02569679690558215,0.039747512407807724,0.021341274501832513,0.0961389160624285,0.1023901810464973,0.0040878626228896525,0.03487429801531357
160,-0.017756819893519748,-0.01819582934988457,0.0026553580481123223,-0.0056567619700110625,-0.02543281569181049,-0.002521880833542288,0.017347396100349338,-0.0022136132736153232,0.006470218969582609,0.029308018891152095
161,0.00871278110003233,0.01609775865083121,0.018428496425203878,0.028004720805420755,0.00537806231443806,0.03361965585952939,0.02219308667989612,-0.021431325631184633,-0.03287564010727626,0.042045353047539195
162,-0.09261984198551479,-0.007872510653085146,0.06398304295417938,-0.06141028892261865,-0.03959119663558427,0.053976143498168566,-0.031710067309777094,0.13804883821634206,-0.1187431829918892,-0.035106761403164016
163,0.02231966397176933,-0.059660551338585714,-0.004681000035633945,0.022656973634743977,0.0430652067751493,0.014420966461698857,0.014310196887694849,0.0287024703509682,0.010911069317539988,0.023732752628023823
164,-0.020408815660310806,-0.05258041701883053,0.02155549803186173,-0.0208106600685563,0.04893388068887583,0.04886493891105615,-0.002232220188491384,0.05508038810825273,-0.05311996910186764,-0.0035904901936243327
165,-0.04570002257886781,0.0033333341075062616,0.03310855956351958,0.026745839052459745,0.07917179924938607,-0.06058066419368578,-0.05482197074587089,0.03835645859727758,-0.048590186220872016,0.01669575920117882
166,-0.016922394534603476,0.00935665212873322,0.022438791782549247,0.04474366186364954,0.020129641526238244,-0.014254689407965503,0.004585569068237606,-0.03138229065743542,-0.021895877602116826,0.01934613597771782
167,-0.04823800626530801,-0.045270767189974546,-0.0070368304793670435,0.0,0.008734970523813652,-0.005919459823607852,0.052428610936396114,-0.013778433031296503,-0.005549176566565138,0.06407441001183196
168,-0.016180147247293247,0.08157163643253482,-0.02368584100147141,-0.012226672758312794,0.00912682950771495,-0.013736112252528996,0.05708926398258801,-0.021715522523429204,0.012170355416797646,0.0959694113838382
169,-0.019448093964319048,-0.06037921810851817,-0.0013809878287871719,-0.000736873873914669,0.01718485752407245,-0.013279361247652194,0.013935759217955678,-0.013320606515535384,0.018540056245582723,0.041252519892706674
170,0.02218298081057981,-0.024407962269153018,-0.03403964713412703,0.021470903507691912,0.002574813127293037,-0.01802896825588901,-0.0020714122535223987,0.05381882012438649,0.006216959364917401,-0.00042527925030828954
171,0.021423755486995655,0.020100645016799278,-0.013391350169988077,0.11168396384155611,-0.004297290152483045,-0.03504659891609836,0.0040746194225115585,-0.19266028175885772,0.03934220748187278,-0.1190900130490358
172,0.005388545843350793,-0.006899517468850576,0.001950254340473091,0.04910277022610305,-0.03572939762582468,0.07214726457486467,-0.006553428619304278,-0.03624574013214689,0.05289256506370212,-0.03843028636366429
173,0.008633540138688469,0.044801086337914145,-0.014767149024012416,0.04215299114182726,-0.006117857770159335,-0.04664604283781313,0.01720931065282566,0.005666291097832775,0.033417906829597895,-0.004976845840924357
174,-0.02712609939106597,0.08070122864014455,-0.004283819084957121,-0.06990810461230433,0.0,0.02189611395290207,-0.026557174431335404,-0.025302526800770424,-0.0015239768102208032,-0.0012503193376707112
175,0.021463407299065963,-0.06723837798679307,0.13860427251481783,0.004357545889918061,-0.012202523124317062,0.03121378333692369,-0.05605837562562767,-0.0525566254813824,0.005817634117457143,-0.023646651956881176
176,-0.022715858196135513,0.0525219921741159,0.013880455469808112,0.001852786418726523,-0.007794870644599722,0.04745671492978553,-0.05555472948195219,-0.012167895657447927,0.01909771996728506,-0.009369303503407
177,-0.1729773957812112,-0.07782289630328453,-0.010011660921801765,-0.021214498022151307,0.033922789146799574,-0.008022657906422584,-0.053615089114675656,0.06189943447170578,-0.0763545352572644,0.3391920821096043
178,0.03761686775196992,0.027799101100737873,-0.0227681908015715,0.020779692148797067,-0.03418230549290074,-0.037069337150599777,0.000385225780909033,-0.007420002081952732,-0.009805011551805002,0.035369853819327945
179,-0.035251877166678595,0.0477174538606772,-0.030742190695439642,0.011689198493878469,0.02371106846663513,-0.08105548350957507,0.028861501180192657,-0.036724784136351905,0.02949690472202473,-0.0026869270615477573
180,-0.022808365134872916,-0.010798727014761847,0.01579264651710049,0.02898569397893711,-0.009189351666815402,0.02181576836616164,-0.008251096354269913,0.005796064571592591,-0.04866966272845316,-0.029129336000209404
181,-0.051149229935304366,-0.11019373019316833,-0.09382159416813649,-0.02481969452634277,-0.08646323076033453,-0.03754656550954922,-0.022189478841814766,0.08067104901190823,-0.020234742262794633,0.012518753148112417
182,-0.06323383560635425,-0.04864231900548367,-0.0010719038445716853,-0.009691697774610833,0.03280643837719904,0.019560629210626176,0.004461675337148638,-0.004550162727066396,-0.043402427837140184,-0.05067104906437826
183,-0.06388327469832943,-0.055978534204378795,0.018957660280475686,-0.014261551871196225,0.0004424035126383119,0.008041717261750292,-0.01427819485634714,-0.022750034862143276,-0.06369071219481037,-0.04520524660838628
184,-0.0171663052797033,-0.006539648508877974,0.00507586030420586,-0.023819937892584235,0.03920579492022184,0.0213580172286404,0.011273157311888644,0.06486120562708232,-0.053231044208019135,-0.043545577084618745
185,0.0047690217263417255,0.0938724253628637,-0.10675299172498869,0.05702938094762827,-0.030864043650589434,-0.025668496834788748,-0.036642004761799754,-0.050219273584147184,0.033658903680531635,-0.07208919633006003
186,0.02911544917384359,0.024297240666117527,-0.03695472623906443,-0.032278235200837,0.017111498311304506,0.0,-0.03640428485484695,-0.01352067100310784,-0.004130485798414608,-0.003385866550787071
187,0.04949474459343365,-0.007985613365463854,-0.08297476393928194,0.04551387830703096,-0.04392123635444178,0.07497101202465806,-0.006512302308621208,-0.05184103851061242,0.03249186207027499,-0.021875647938698613
188,-0.04127657202873745,-0.12503153759788663,-0.036416948664932974,0.05874459221782818,-0.038731392663852365,-0.03549422287281055,-0.033817900325056854,0.0007407363111319332,0.021261742913660293,-0.006072686446813331
189,-0.08019985517069636,-0.12412986362937535,-0.009768252665034576,-0.010388195417518863,0.0,-0.06863851756274178,0.03125895339684735,0.05144240806556455,0.039479203501308714,0.015282331062288237
190,-0.01971138923465825,-0.11129973129874458,-0.041469620874063355,0.08868658937769287,-0.010649378347851098,-0.03928692133574373,-0.014819377352468544,0.031582536241933495,0.029062038123289176,-0.0021665672260406605
191,-0.00757773947075628,-0.02561082831178654,0.03850001468963327,-0.10435163322331974,0.02983084610583587,0.012116540090582634,-0.04110648077509473,-0.06821317197239445,-0.020283100518724954,-0.014971385204634874
192,-0.004368293146121681,-0.10167551119788497,-0.05687438961920124,-0.005876831307186246,0.017738140140832307,0.005122481529623048,0.003893851740072444,0.031586414964437454,0.05139717949846944,0.030913964523363147
193,0.005183176525956309,-0.041814645355724364,-0.05234996148116222,0.034411831905861834,-0.03730347311274733,-0.006230663933988571,0.016662188210280007,0.007963121400404467,0.025328195440383165,-0.0075093331747308825
194,0.07794018623862746,-0.0021895769204929878,-0.00887679006377044,0.02334468077783022,-0.039753951978830034,0.014198742492070385,-0.09914420152024299,0.024036297573109246,-0.031533397638878365,-0.05070547003263318
195,0.004969220539441566,-0.12346002661978342,0.09313449922199851,-0.04048485216397322,0.06422308484179479,-0.029102965254011157,-0.020083192770737255,0.030628701254760988,-0.042262342204020587,-0.025298693285729604
196,-0.05273993974738023,0.09377708473650734,-0.06400112919976486,-0.03501053817489917,-0.020195271241838796,-0.026990516757029466,0.03769216631834327,-0.07550908251258143,0.010763634926134164,-0.009220794671839972
197,-0.052585595745005834,-0.11449963412805936,-0.07987970527475169,0.039275356894091056,0.0,-0.05074168940926929,-0.023972931958533828,0.006028735467889034,-0.0106192872765105,0.015346866606267773
198,0.06952573398075608,0.0350503103479884,-0.028302959210348904,-0.10913493204389477,-0.08349000654478231,0.023165125560537174,-0.1645043492420115,0.0006427188700465773,-0.02072872505206827,0.04381373611447056
199,0.0,-0.09750499684145292,0.08568361325389857,0.03381166475180367,-0.03184904380563576,-0.1227598480539035,-0.06760120455150585,0.01616864501637878,-0.20056572867364633,0.0006993474297808301
200,0.025427957471139843,-0.011980814211136202,0.0315750041919392,-0.02860093788582549,-0.02845286721562651,0.04149950869868042,-0.03790702547728879,0.08264764677329048,0.05918501427770302,0.04828337317271332
201,-0.05155072750298355,-0.009554358229285057,0.03203716761239037,-0.004655028322734371,0.021417560244475223,0.0663530579177664,0.05566320088804759,0.044358204847518165,-0.07423543480460883,0.00277262539479885
202,0.14401588082037703,0.04067503355485095,-0.235128597298428,0.30407476930763083,0.03316064102076263,-0.05377548393492352,-0.08127437649144156,-0.172716987602616,0.05868802341889779,0.03215897574574734
203,0.05464144515163504,-0.06837313701152123,-0.05889212306942428,-0.03395891575674641,-0.06579919508217981,0.06413934526063075,-0.13160854487284912,0.05537837967063279,-0.01659412603800486,-0.05786547518440902
204,0.020920722319292557,-0.03885736258944251,-0.03417786644696423,0.0134729567450151,0.039131715705616174,-0.060262361232575626,-0.043143221415637846,-0.0037136608612449444,0.021485769851362163,0.01776092362447679
205,-0.04497530338941462,-0.040335027776556516,-0.1095352517609817,-0.15304880273889113,-0.07822869992031206,0.10978759149305956,0.004637666668787245,-0.042455525970449035,-0.018123693819638523,-0.043838247935026345
206,-0.04268635734600851,-0.09772342178491378,-0.039829413411864134,-0.010979645862128826,-0.052020779517852896,0.1524795003536071,0.09884637147306322,-0.002631878020160998,-0.06987540997171837,-0.0890116668706096
207,-0.04241481750055541,-0.06368631937664482,-0.019538549858934776,0.016251490866494727,-0.03766993655028154,-0.017956338403950865,0.05711637327338277,0.010387100903935475,0.05839065689210772,-0.03811447800367454
208,-0.036508684448896205,0.018603729350152094,-0.07952691480322174,0.06345024321122483,-0.02387687950055842,-0.02075563030561691,-0.006514237191583476,-0.038798627020132245,0.03766279303886482,-0.10174555771385276
209,-0.028315553360838963,-0.008400371080041737,0.07275669604595648,-0.04572163855895085,-0.017882578312291068,0.07414119802812545,0.04277902905094605,-0.002214357335348947,-0.04268848119113408,-0.06871236990591396
210,-0.08566292428165119,-0.062120704502715576,-0.08491247815530632,0.18287205384325064,-0.007124574603152875,0.15664706925019042,0.0354261363378231,-0.051442410826832,-0.06358602696600461,-0.012978823458127814
211,0.07691587988418717,0.09293675435148267,-0.02547401095163875,0.062015247562205604,-0.05180828638482223,0.01956401756339742,-0.015531765307429057,0.05560105833419394,-0.01159390730119742,0.004767061746447759
212,0.03589542401752581,-0.03463054991492612,-0.029144268214712523,-0.02457739620299701,0.027685406038806617,0.03650296968696123,-0.0025158660173275845,0.02376903106623714,0.018711921131815894,0.01588561854622798
213,-0.0023406806074755156,-0.04092682635254343,-0.07579750954120583,0.04740962269922835,-0.006314296392233485,-0.07567675786293084,0.04215742898146448,0.06782018780118709,-0.07766209772071965,-0.03072130863604698
214,0.012992222782904893,-0.025904956293349587,-0.025163545477453888,0.01688291288291005,0.05988974412162558,-0.027835608501796023,-0.027732678636437826,-0.005617003052234222,0.02339554649779805,0.012379729880287195
215,-0.042739782073600296,-0.1149089967874805,0.01017049110318557,0.09239975182776344,0.008882199183435954,-0.04158027776256925,-0.03116082859173346,0.0,0.025863691305817355,-0.026446781138922033
216,-0.02429333360375001,-0.041194050103243195,0.0390697660472159,0.029484935856334514,0.004447693417825105,0.043269261576184395,0.00976845346293195,0.05992718325125607,0.009194661246367872,0.056604787437794665
217,-0.00103399467936636,-0.038965227855415584,0.038264708722203264,-0.09481640620321592,0.011148189611984459,0.01793802855294627,-0.055457913917498755,-0.06731650799159253,-0.0234403762111828,0.02047508005368572
218,0.06401873740386158,0.04428638078234025,-0.13211180395325686,-0.08508313128638824,-0.09937792588095719,0.057354964215926015,-0.08507499062412335,-0.038905072161968764,0.019314247974473016,-0.015751854969017612
219,-0.311217849747204,0.179872110005885,-0.13519292478802233,-0.15604758276696323,-0.26319644585471713,0.04061159126543068,-0.14509866547279032,-0.3405728721611485,-0.04448667600423287,0.024583030109329773
220,-0.04132895185083939,0.03168056440240069,-0.06958043126681028,0.04984548042582455,-0.00645451722163086,-0.06620270899373495,-0.039058870858033605,-0.0215213625147617,0.013373498680735145,-0.04948562835416941
221,0.041510784353808124,0.058814536153857934,-0.07604990981631007,0.08460015150787699,-0.04888763078245347,0.05177790908482151,-0.028010399581008098,0.009177328151536194,0.02340725062054762,-0.06155924725854211
222,-0.029467202624934033,-0.04683992168949868,0.07790168139263091,-0.022037490751585308,0.11260246040337578,0.02772573561715267,-0.1217973614981184,0.010448793896266637,-0.027452860226221946,-0.030811451782773284
223,-0.02537740300645749,-0.0269442571289306,0.09627374947025832,-0.019440710562104925,0.015450547661819483,0.06443218614219869,0.041064944609851425,0.016012899954243535,-0.0750451027205697,-0.05402095152058574
224,-0.031050143213588365,0.032268022409067704,-0.031336843590983834,0.03657542461116232,-0.017044082580108973,0.023657068125467206,0.02220569080629018,-0.07484860515781998,0.060445719734566826,-0.09860630678646265
225,-0.0048166285768303264,-0.06322559607192149,0.07361267982978342,-0.08952235213751333,-0.01618778843690521,0.02435842582062944,-0.1450501966526928,-0.10299213221262986,-0.09260487062640525,0.0007678284287873361
226,0.05677127137375808,-0.05171012433229031,0.07905284044430522,0.04169358512002637,0.006112025799335963,-0.046763509846386705,-0.060873027790697955,-0.02846156879835034,-0.07719618645453973,0.019267024574145832
227,-0.017349117819597696,-0.044493681219810316,-0.059932253551145225,0.032338094342527615,-0.08897192480928474,0.04248661343397915,0.013651648856037122,-0.05363622466204808,-0.06947394284125523,-0.02739069610494434
228,-0.06267748246483272,-0.1075523204292418,0.019069830327242035,-0.05719661686429822,0.04554536220929721,0.0430771075932198,0.02000957402890901,-0.030965621969197193,-0.03359659966647246,0.013864532704100749
229,0.013060342715656426,-0.026476854479775415,-0.04607257496451265,0.0,0.004418796292083466,0.03574222390979747,0.000904642835692181,0.030345835524665216,0.0202499055275451,-0.003688003138794295
230,-0.029656921037873495,-0.07085906155584855,0.05944932481348168,-0.09240558345939473,0.048658223509887445,0.00827947490245661,0.057872887173075496,0.010183032176579225,-0.06710213938918365,-0.005405367333896969
231,0.25204707057539655,-0.005423551137247914,0.12833043822151805,-0.06166700054161395,0.008504090856287446,-0.029965323104507093,0.05224762271307032,0.003207939509964485,-0.03502887874349,0.051653421184804524
232,-0.007679050332598123,-0.036206016992601175,-0.016264677811528423,0.040226799017781124,0.02943925311400577,-0.00285273394142025,0.028469049721625138,0.02031912950560713,0.008102930272199771,-0.04141776539052167
233,-0.00757773947075628,-0.02561082831178654,0.03850001468963327,-0.10435163322331974,0.02983084610583587,0.012116540090582634,-0.04110648077509473,-0.06821317197239445,-0.020283100518724954,-0.014971385204634874
234,0.036555844968520455,-0.054266553861627743,-0.06889938848979017,0.09612138279190674,-0.12842110751996624,-0.0005567329766511932,-0.01386850809229049,-0.006935678434492965,-0.047267042970354875,-0.017213883601553084
235,0.0005442333370539922,0.0070672718001165025,-0.03779417011510608,-0.055872056538890325,0.03628223691101728,-0.03979747936435703,-0.004728767577976472,0.01532347845060081,0.010556922948391011,0.020788452710218685
236,-0.05277679705173257,0.1062716034350097,-0.001979049251983989,-0.009474018744126704,0.02461354690184415,-0.04241179041820885,0.010776147430817676,-0.09117854247740109,0.031865562344814136,-0.025881454806021015
237,0.046309961474359417,-0.02682069296081844,-0.02204186127890501,0.039011895691740725,-0.042810892479624815,-0.033310963141296494,-0.0938264059506826,0.014472546998814308,0.02797028562428268,-0.01404744577675979
238,-0.05273993974738023,0.09377708473650734,-0.06400112919976486,-0.03501053817489917,-0.020195271241838796,-0.026990516757029466,0.03769216631834327,-0.07550908251258143,0.010763634926134164,-0.009220794671839972
239,0.0,-0.04676249516435968,-0.02631095795926244,0.007678823769578736,-0.010757121874842256,0.02020732462668917,0.016541247863897962,0.041300239700989845,0.01651552666945094,-0.0432869019045884
240,-0.07151070810432558,0.09479848056186789,0.03168022544756051,-0.030207176709911365,-0.11506680232881933,-0.0890719157048296,0.017581191322623365,-0.1512873830752216,0.0008520695902255138,-0.01701337631819567
241,0.0,-0.09750499684145292,0.08568361325389857,0.03381166475180367,-0.03184904380563576,-0.1227598480539035,-0.06760120455150585,0.01616864501637878,-0.20056572867364633,0.0006993474297808301
242,0.02863909552072521,0.047877492634604904,0.020554465174815365,0.12118598474207068,-0.14204232390322533,0.08146428099392439,0.048304214994389603,0.004342114449566392,0.04676466234494975,-0.02552333125989781
243,-0.02770290175082677,-0.04255949865942624,0.12576224310638137,-0.11350384089721287,-0.014437496440962554,-0.03805859251300584,-0.034183979512074365,-0.04242290818863641,-0.10050709396745282,0.016334912708943147
244,0.08213555772274625,-0.1016164499193494,-0.021302517111318597,0.13896669334423248,-0.16378494194953094,0.05298377201375241,0.02747107151887399,0.011170649745957066,0.010808732839291887,0.16182451918848337
245,-0.05149743326637618,-0.16623686099486798,-0.10152195119908732,-0.028053781537045946,-0.06655372974953254,-0.07023300323061953,-0.03614744624964789,0.036412205168827094,-0.015313198643685907,0.0011431335627067488
246,-0.05149743326637618,-0.16623686099486798,-0.10152195119908732,-0.028053781537045946,-0.06655372974953254,-0.07023300323061953,-0.03614744624964789,0.036412205168827094,-0.015313198643685907,0.0011431335627067488
247,-0.05547395665831629,0.04710218849400333,-0.04093488853825615,0.04655414795164814,0.01088271165166911,0.011651679000562494,0.023491641096396603,-0.029429273012387795,-0.037967218501951075,0.011509762845551077
248,-0.15943187045094212,0.025364079531849226,0.09226787114179713,-0.011697620057534228,-0.002843796658710121,-0.04586288226480494,0.05412382383597661,-0.07894459644371075,0.0027329688968243363,-0.050536835277393916
249,-0.04268635734600851,-0.09772342178491378,-0.039829413411864134,-0.010979645862128826,-0.052020779517852896,0.1524795003536071,0.09884637147306322,-0.002631878020160998,-0.06987540997171837,-0.0890116668706096
250,-0.04670790157131642,-0.021617025340899,0.015227019973397163,-0.035727993498635244,-0.01683106059865395,0.07525701382578406,0.011294552394124104,0.04404426287416299,-0.046437845155773434,-0.051976592489246604
251,-0.036508684448896205,0.018603729350152094,-0.07952691480322174,0.06345024321122483,-0.02387687950055842,-0.02075563030561691,-0.006514237191583476,-0.038798627020132245,0.03766279303886482,-0.10174555771385276
252,0.052544844897291304,-0.008272949436168069,0.09060857125132003,0.049558079874524014,0.008868259148921726,0.00862349699869513,-0.0877569411244917,-0.013276569928583304,-0.1077493548056454,0.054473750798542206
253,0.06840646229280775,0.06488987754936554,-0.12061997427809,0.07297032427979158,-0.11879813929412962,-0.06740678577314646,-0.07736704472712065,0.14357501489463162,-0.007033285047253463,0.11896882543621254
254,0.07691587988418717,0.09293675435148267,-0.02547401095163875,0.062015247562205604,-0.05180828638482223,0.01956401756339742,-0.015531765307429057,0.05560105833419394,-0.01159390730119742,0.004767061746447759
255,-0.0461904776690488,-0.01271222645649729,0.05709111629699189,-0.022363188425174582,-0.002617531231398921,0.04913308028526667,0.010080201219816853,0.0570120220563642,-0.10676794173417238,-0.03719437572685616
256,-0.023648356576135787,-0.025477756590336575,0.024602902448821237,0.03245156441084556,-0.0031071882763928716,0.03405434336296725,0.015347549300737943,0.014599305534335527,-0.043311179812651,-0.02014869299995084
257,0.10379899758362943,-0.06850363191577871,0.06335757971941812,0.08620349119214912,0.11309215933958373,-0.05699499820200863,0.02328665828971698,0.011839564725746973,-0.09267548541734552,-0.02249993181374506
258,-0.01881385008970779,-0.03367525796261867,-0.006703395471461493,0.0224774816500748,0.015278966227133284,0.012996260881612442,0.010270992598573347,0.008125138229527065,0.015790899573960494,-0.02492783748893009
259,0.05393187252440102,-0.029548063489240866,0.06344297232268231,-0.010379950817981315,-0.10464694837524169,0.013588662584076382,-0.07420208698397927,-0.0007664891647562687,0.0,-0.04905281720311526
260,-0.02429333360375001,-0.041194050103243195,0.0390697660472159,0.029484935856334514,0.004447693417825105,0.043269261576184395,0.00976845346293195,0.05992718325125607,0.009194661246367872,0.056604787437794665
261,-0.02857731527254967,0.04233523900606836,-0.08883931467719637,0.010573483325274061,0.016813898179185247,-0.073071813829316,-0.07319750077834027,-0.017681152202522258,0.02494638905964962,-0.08231126687106076
262,-0.01401837792748621,-0.06201233667709098,-0.053903666569458934,0.011105793767805334,0.0023436777205310586,-0.0685423936186799,-0.02937420756445678,0.014442013661561611,0.026127588772877772,0.002800154073128741
263,-0.032494804900076106,0.029830275669292857,0.0691160347901058,-0.25565434422064404,0.1962397145552949,-0.38377953745832605,-0.1707699678256692,0.48097570818444624,0.24008682287998462,-0.01306782126864375
264,-0.005335162923829077,-0.019274419995873097,0.01937286329282177,-0.054360678888015365,0.03222210129780781,-0.08353297843226305,0.04255317677921768,-0.004806279573591803,-0.06125883646937577,-0.03908561435035192
265,0.0431349086040047,-0.08413996123261352,0.07926707816196324,-0.04636739837423813,0.048533119942007666,-0.03690673808093515,0.009979089892765285,0.017656165461501457,-0.07500243849128799,0.0288812625639232
266,0.06321128826708576,-0.022844805063695794,0.10006525983105743,0.024648501284526753,-0.1504242798050646,0.014970185956708041,-0.022516882301936082,-0.028316542867005003,-0.044690588758821294,-0.025041839354510723
267,-0.02537740300645749,-0.0269442571289306,0.09627374947025832,-0.019440710562104925,0.015450547661819483,0.06443218614219869,0.041064944609851425,0.016012899954243535,-0.0750451027205697,-0.05402095152058574
268,-0.031050143213588365,0.032268022409067704,-0.031336843590983834,0.03657542461116232,-0.017044082580108973,0.023657068125467206,0.02220569080629018,-0.07484860515781998,0.060445719734566826,-0.09860630678646265
269,-0.0048166285768303264,-0.06322559607192149,0.07361267982978342,-0.08952235213751333,-0.01618778843690521,0.02435842582062944,-0.1450501966526928,-0.10299213221262986,-0.09260487062640525,0.0007678284287873361
270,0.05677127137375808,-0.05171012433229031,0.07905284044430522,0.04169358512002637,0.006112025799335963,-0.046763509846386705,-0.060873027790697955,-0.02846156879835034,-0.07719618645453973,0.019267024574145832
271,-0.017349117819597696,-0.044493681219810316,-0.059932253551145225,0.032338094342527615,-0.08897192480928474,0.04248661343397915,0.013651648856037122,-0.05363622466204808,-0.06947394284125523,-0.02739069610494434
272,0.02911544917384359,0.024297240666117527,-0.03695472623906443,-0.032278235200837,0.017111498311304506,0.0,-0.03640428485484695,-0.01352067100310784,-0.004130485798414608,-0.003385866550787071
273,-0.019418272637889884,-0.05097369189212885,0.0,0.004191000560476698,0.03350235014640268,0.0011919650091790715,0.032996948084613786,0.01527456976344984,-0.004493382243797876,-0.022837435991927037
274,-0.05196843066110926,0.06577343611837695,-0.08658046677369917,0.04614981739870773,0.007760621384681665,0.07625380290299084,0.011072655547790964,-0.0506153625251543,-0.006585781162669568,-0.06321359267431761
275,0.25204707057539655,-0.005423551137247914,0.12833043822151805,-0.06166700054161395,0.008504090856287446,-0.029965323104507093,0.05224762271307032,0.003207939509964485,-0.03502887874349,0.051653421184804524
276,-0.007679050332598123,-0.036206016992601175,-0.016264677811528423,0.040226799017781124,0.02943925311400577,-0.00285273394142025,0.028469049721625138,0.02031912950560713,0.008102930272199771,-0.04141776539052167
277,-0.00757773947075628,-0.02561082831178654,0.03850001468963327,-0.10435163322331974,0.02983084610583587,0.012116540090582634,-0.04110648077509473,-0.06821317197239445,-0.020283100518724954,-0.014971385204634874
278,0.087166285026836,0.0,0.04505147523245347,-0.05234882396727078,-0.07753180951447912,0.10812162636908586,-0.10398156518926165,-0.0003885848943430592,-0.016908655874225634,-0.00754676595475947
279,0.005183176525956309,-0.041814645355724364,-0.05234996148116222,0.034411831905861834,-0.03730347311274733,-0.006230663933988571,0.016662188210280007,0.007963121400404467,0.025328195440383165,-0.0075093331747308825
280,-0.0286657669765977,0.013085268442089721,-0.10881351194821877,0.03061512553007844,-0.03194269000327314,-0.06676424051798399,-0.10900114460223097,-0.05719074277756845,-0.019073637693481093,-0.05435866703749862
281,0.046309961474359417,-0.02682069296081844,-0.02204186127890501,0.039011895691740725,-0.042810892479624815,-0.033310963141296494,-0.0938264059506826,0.014472546998814308,0.02797028562428268,-0.01404744577675979
282,-0.05273993974738023,0.09377708473650734,-0.06400112919976486,-0.03501053817489917,-0.020195271241838796,-0.026990516757029466,0.03769216631834327,-0.07550908251258143,0.010763634926134164,-0.009220794671839972
283,-0.034295874573135696,-0.029109869926637073,0.007194761629693604,-0.010202575730261447,0.01894098327160311,0.021794887312447924,0.04490836524135223,0.012457715614993647,-0.05273981314199386,0.0033343359049826313
284,0.06952573398075608,0.0350503103479884,-0.028302959210348904,-0.10913493204389477,-0.08349000654478231,0.023165125560537174,-0.1645043492420115,0.0006427188700465773,-0.02072872505206827,0.04381373611447056
285,0.06952573398075608,0.0350503103479884,-0.028302959210348904,-0.10913493204389477,-0.08349000654478231,0.023165125560537174,-0.1645043492420115,0.0006427188700465773,-0.02072872505206827,0.04381373611447056
286,0.025427957471139843,-0.011980814211136202,0.0315750041919392,-0.02860093788582549,-0.02845286721562651,0.04149950869868042,-0.03790702547728879,0.08264764677329048,0.05918501427770302,0.04828337317271332
287,-0.031213373512020668,0.13914060233675718,-0.10634872004035009,-0.01369322133820861,-0.03567355785325017,-0.04504109892354403,-0.046129113761293146,-0.07581282867908666,0.019902099851343794,-0.02426273004275924
288,0.08213555772274625,-0.1016164499193494,-0.021302517111318597,0.13896669334423248,-0.16378494194953094,0.05298377201375241,0.02747107151887399,0.011170649745957066,0.010808732839291887,0.16182451918848337
289,-0.047469887142779076,-0.043893148336108245,0.043454740715790564,-0.014712293279825544,0.001410846542420179,0.03652774494934905,0.054901359312756276,0.04089502774530041,-0.10331307996739669,-0.03774947678156915
290,0.04590270427465027,-0.04134184555930641,-0.06836618293436986,0.04543764065492525,-0.046063630609940925,0.0523661858013039,0.008811646409980023,0.008132563802107078,0.028641298153807702,-0.03202222215762895
291,0.07486835837520411,-0.012126146889219853,-0.0025271672620751197,-0.040772635504638666,0.0668449391734052,-0.11310542640350922,0.0022415857028211194,-0.04644469441375641,-0.040498840506972826,-0.09987014059214985
292,0.036248476826331824,0.02491681193051924,-0.07305625139450493,-0.16718150874978288,-0.10656994846735952,0.14150701697241308,-0.05859857851101242,-0.059394094715270546,-0.05572068509621014,0.05890042665571914
293,-0.04268635734600851,-0.09772342178491378,-0.039829413411864134,-0.010979645862128826,-0.052020779517852896,0.1524795003536071,0.09884637147306322,-0.002631878020160998,-0.06987540997171837,-0.0890116668706096
294,-0.04670790157131642,-0.021617025340899,0.015227019973397163,-0.035727993498635244,-0.01683106059865395,0.07525701382578406,0.011294552394124104,0.04404426287416299,-0.046437845155773434,-0.051976592489246604
295,-0.02501483588132984,0.03226343466415178,0.038896625734649526,0.0025967900132512173,0.022062463461296748,0.014282628957102231,0.022631610945699224,0.04348027547151376,-0.006079980528687664,-0.010321352015201488
296,0.052544844897291304,-0.008272949436168069,0.09060857125132003,0.049558079874524014,0.008868259148921726,0.00862349699869513,-0.0877569411244917,-0.013276569928583304,-0.1077493548056454,0.054473750798542206
297,0.06840646229280775,0.06488987754936554,-0.12061997427809,0.07297032427979158,-0.11879813929412962,-0.06740678577314646,-0.07736704472712065,0.14357501489463162,-0.007033285047253463,0.11896882543621254
298,0.07691587988418717,0.09293675435148267,-0.02547401095163875,0.062015247562205604,-0.05180828638482223,0.01956401756339742,-0.015531765307429057,0.05560105833419394,-0.01159390730119742,0.004767061746447759
299,-0.0461904776690488,-0.01271222645649729,0.05709111629699189,-0.022363188425174582,-0.002617531231398921,0.04913308028526667,0.010080201219816853,0.0570120220563642,-0.10676794173417238,-0.03719437572685616
300,-0.023648356576135787,-0.025477756590336575,0.024602902448821237,0.03245156441084556,-0.0031071882763928716,0.03405434336296725,0.015347549300737943,0.014599305534335527,-0.043311179812651,-0.02014869299995084
301,0.09148981506464388,-0.0714158258381496,0.12792203197106522,-0.06608277683196606,0.07129566618479156,0.0969655387351866,0.0915698358771356,-0.03978100145536422,0.02839138059128305,0.01288272298598434
302,-0.0246976218707891,-0.007416490518634167,0.02106053314425424,0.014491312065265624,0.012181818449478883,0.013533146236292544,0.008834977179062963,0.011911127034246986,-0.03037153118737762,-0.006581091797221252
303,0.05393187252440102,-0.029548063489240866,0.06344297232268231,-0.010379950817981315,-0.10464694837524169,0.013588662584076382,-0.07420208698397927,-0.0007664891647562687,0.0,-0.04905281720311526
304,-0.02429333360375001,-0.041194050103243195,0.0390697660472159,0.029484935856334514,0.004447693417825105,0.043269261576184395,0.00976845346293195,0.05992718325125607,0.009194661246367872,0.056604787437794665
305,0.031048900232390403,-0.098289879776664,0.00990694595990974,0.015947115919104346,-0.06849259013431004,-0.0964456426832603,-0.019225836139149053,0.018817142604416595,-0.10028624464344907,-0.04098862634820182
306,-0.01401837792748621,-0.06201233667709098,-0.053903666569458934,0.011105793767805334,0.0023436777205310586,-0.0685423936186799,-0.02937420756445678,0.014442013661561611,0.026127588772877772,0.002800154073128741
307,0.021877690427773776,0.0764684731624003,-0.23953825761052455,0.18612325604655713,-0.3597290553436679,-0.22500794593823017,0.5229953368732501,0.1810982732920398,-0.015921547201514785,-0.02586339626085725
308,-0.005335162923829077,-0.019274419995873097,0.01937286329282177,-0.054360678888015365,0.03222210129780781,-0.08353297843226305,0.04255317677921768,-0.004806279573591803,-0.06125883646937577,-0.03908561435035192
