Date,Price,Return
2013-01-02,34.87286514036252,0.0
2013-01-03,34.60124793170004,-0.007819274851137425
2013-01-04,34.67832927677151,0.002225226538148828
2013-01-07,34.532512965533385,-0.004213690290812977
2013-01-08,34.44130730391627,-0.0026446473290797634
2013-01-09,34.75755183854757,0.009140229773624942
2013-01-10,34.84904947623354,0.0026289946257214147
2013-01-11,35.03757775582139,0.005395273584565707
2013-01-14,35.13315876134433,0.0027242428790072992
2013-01-15,35.142046287917566,0.00025293491820876923
2013-01-16,35.04381120224817,-0.0027992861619074993
2013-01-17,35.237552475521504,0.0055133182935653835
2013-01-18,35.21283895955042,-0.000701586364004303
2013-01-22,35.34606903317721,0.003776425564229413
2013-01-23,35.42997930804788,0.0023711500190164436
2013-01-24,35.67205850532348,0.006809372561031868
2013-01-25,36.08716261121894,0.011569488343726952
2013-01-28,35.989239417690605,-0.0027172070475449672
2013-01-29,35.82434686930343,-0.00459224630585231
2013-01-30,35.77402795315104,-0.0014055884525778772
2013-01-31,35.91579528200984,0.00395502477918086
2013-02-01,36.30592003510783,0.010803635608587658
2013-02-04,35.907875073067444,-0.011024181535448374
2013-02-05,36.42794607416719,0.014379596559448427
2013-02-06,36.35423241647486,-0.0020255970465625772
2013-02-07,36.358569290462725,0.00011928777027447879
2013-02-08,36.500732012894694,0.003902395447155982
2013-02-11,36.414267447768005,-0.002371654839050663
2013-02-12,36.524024333497806,0.003009584290880163
2013-02-13,36.6508464331211,0.0034662781164116474
2013-02-14,36.83860923119521,0.0051099359748900675
2013-02-15,36.55776456143572,-0.007652858742580815
2013-02-19,36.889938463321606,0.009045243158774419
2013-02-20,36.40040056437754,-0.01335906439645651
2013-02-21,35.80444086515447,-0.01650784687179563
2013-02-22,36.184284991436066,0.010552976091093846
2013-02-25,35.414995213300806,-0.0214895842719538
2013-02-26,35.57165978207511,0.004413923240607076
2013-02-27,36.01561794069165,0.012403428778267944
2013-02-28,36.041779479461795,0.0007261305807952922
2013-03-01,36.07790679449585,0.0010018711928032609
2013-03-04,36.139992565385526,0.0017194016091730546
2013-03-05,36.729909690635125,0.016191321645778523
2013-03-06,36.76892341294246,0.0010616148399660297
2013-03-07,36.96389066502815,0.005288492211497964
2013-03-08,37.21206636039259,0.006691565066737404
2013-03-11,37.19503753109554,-0.0004577205321467659
2013-03-12,37.106607499789206,-0.002380299198543767
2013-03-13,37.24491512919263,0.0037203754285464186
2013-03-14,37.527342084201265,0.007554360632403334
2013-03-15,37.31588081983859,-0.00565079425622006
2013-03-18,37.190678319506496,-0.003360848216004797
2013-03-19,37.030303469310944,-0.004321556948588157
2013-03-20,37.455964302631706,0.011429367579606886
2013-03-21,36.333674898336255,-0.03042096331155042
2013-03-22,36.3319572200804,-4.727622140210386e-05
2013-03-25,36.28940544615098,-0.0011718804835618712
2013-03-26,36.55312924795967,0.007240960386716733
2013-03-27,36.642909728739866,0.002453152576558537
2013-03-28,36.95366430459421,0.00844486110229914
2013-04-01,36.31187647298184,-0.017519948424307152
2013-04-02,36.053071572499924,-0.007152800102747214
2013-04-03,35.49035647284746,-0.01573105229603433
2013-04-04,35.51932838336807,0.0008159988933016393
2013-04-05,35.06376667365305,-0.01290870102413555
2013-04-08,35.30964882790911,0.006987955695187065
2013-04-09,35.20934697302986,-0.0028446781290214496
2013-04-10,36.045100383691974,0.023459356446019264
2013-04-11,35.95210302310256,-0.0025833617948771703
2013-04-12,35.71162466030825,-0.006711324492888693
2013-04-15,34.57054968704253,-0.03247410201700074
2013-04-16,35.21860618814088,0.018572373340041803
2013-04-17,34.54870444390793,-0.019204476337582044
2013-04-18,34.076819490939805,-0.01375267869533392
2013-04-19,34.22845635214525,0.004439982371516216
2013-04-22,34.337642243766226,0.0031848387511623777
2013-04-23,34.86270008862551,0.015175298370119439
2013-04-24,34.979686217381676,0.0033500069041294545
2013-04-25,35.34823911933163,0.010481079146488437
2013-04-26,35.206059671245605,-0.004030360813854994
2013-04-29,35.59610463394425,0.011017993937033399
2013-04-30,36.085902257690286,0.013666058412496795
2013-05-01,35.39261641065625,-0.019399047474235154
2013-05-02,35.56805337917512,0.004944635570173439
2013-05-03,36.10879704390634,0.015088663094385613
2013-05-06,36.367967535144366,0.007151853354247173
2013-05-07,36.629810214983486,0.007174021207788872
2013-05-08,36.897342127989354,0.007277123759316773
2013-05-09,36.897345551315425,9.277974299948255e-08
2013-05-10,37.20083090818719,0.008191485091013195
2013-05-13,36.9775949245003,-0.006018910623046381
2013-05-14,37.335684346523244,0.009637367563624544
2013-05-15,37.30276661910675,-0.0008820582186492842
2013-05-16,37.24348762982867,-0.0015903951813576178
2013-05-17,37.85878140738422,0.01638585764164313
2013-05-20,37.7411949764656,-0.003110755620961747
2013-05-21,37.70696086302135,-0.0009074871456498101
2013-05-22,36.937454694603296,-0.020618647063322726
2013-05-23,37.00464451221189,0.0018173634998812638
2013-05-24,36.899935457071166,-0.002833630209314375
2013-05-28,37.37461325714237,0.01278188210823794
2013-05-29,37.2005625183122,-0.004667801397548743
2013-05-30,37.818065096780984,0.016463018450156408
2013-05-31,37.517091251585725,-0.00799030521971611
2013-06-03,37.494161747145895,-0.0006113617420684392
2013-06-04,37.36224581905592,-0.0035245096294556078
2013-06-05,36.9538077810175,-0.010992030138718967
2013-06-06,37.45304290321525,0.013419264739756631
2013-06-07,37.777745696491344,0.00863223197837204
2013-06-10,37.77501381237096,-7.231725589740279e-05
2013-06-11,37.30233448901656,-0.012591962279006275
2013-06-12,36.91120290370986,-0.01054080483284281
2013-06-13,37.47422194632996,0.015138175138611487
2013-06-14,37.31706705936454,-0.004202497920471782
2013-06-17,37.75194157361698,0.011586122872630167
2013-06-18,38.20003247687959,0.011799459006134771
2013-06-19,37.68337559138916,-0.013617334337928888
2013-06-20,36.85193157404798,-0.022310996986534715
2013-06-21,36.83541078611087,-0.00044840233572740473
2013-06-24,36.26798117004087,-0.015524341537740405
2013-06-25,36.59081847344639,0.008862056960763809
2013-06-26,36.8111923543577,0.00600459144264498
2013-06-27,37.43253573672324,0.01673832672928377
2013-06-28,37.24839082844835,-0.004931521070854483
2013-07-01,37.19766153613471,-0.0013628472848248308
2013-07-02,37.051822104278685,-0.00392836723586143
2013-07-03,37.27289380758318,0.00594882476284786
2013-07-05,37.95424597895459,0.01811502618823102
2013-07-08,38.02680816836461,0.0019100080219738302
2013-07-09,38.37416449390096,0.009093044415906082
2013-07-10,38.629807045665245,0.006639748206385132
2013-07-11,39.13812047352424,0.013072758479178326
2013-07-12,39.31911935524814,0.004613957952637193
2013-07-15,39.42446123872576,0.002675569120055954
2013-07-16,39.2172455371056,-0.005269880059203924
2013-07-17,39.28773267947309,0.0017957373636745544
2013-07-18,39.46385135974016,0.004472772859883456
2013-07-19,39.4995398400299,0.0009039247726705391
2013-07-22,39.65108694366207,0.0038293389447132675
2013-07-23,39.59225438270236,-0.0014848584318758462
2013-07-24,39.611322519713916,0.00048149687490584014
2013-07-25,39.79883143608084,0.004722551349394699
2013-07-26,39.4470848201371,-0.008877401955918796
2013-07-29,39.27477110338884,-0.004377792924901147
2013-07-30,39.55608907809367,0.0071372852781435014
2013-07-31,39.86222056059461,0.007709380875128513
2013-08-01,41.059245481446034,0.029587013192780898
2013-08-02,40.81234050985441,-0.006031536268009674
2013-08-05,40.948401599235,0.0033282773974732116
2013-08-06,40.6014358028434,-0.008509345967128823
2013-08-07,40.50812761684315,-0.002300794708491427
2013-08-08,40.74799023105401,0.005903883111352037
2013-08-09,40.80161366179826,0.001315112174996358
2013-08-12,41.20336284712406,0.009798244365271547
2013-08-13,41.411367409631396,0.005035542726734121
2013-08-14,41.10551328965413,-0.007413162447922783
2013-08-15,40.200031868379504,-0.022274467435948075
2013-08-16,40.18646220647886,-0.00033761049503944207
2013-08-19,39.87312107366368,-0.007827738290261621
2013-08-20,40.24689597202261,0.009330442598140198
2013-08-21,39.91086469835755,-0.00838429714941924
2013-08-22,40.46190246617214,0.013712266514105842
2013-08-23,40.48150381046905,0.00048432220934868653
2013-08-26,40.44431900974859,-0.0009189848688975211
2013-08-27,39.38603590776335,-0.02651485399030573
2013-08-28,39.635047695292705,0.006302434753309161
2013-08-29,39.97544043034914,0.008551506652680008
2013-08-30,39.374519242203085,-0.015146388954649037
2013-09-03,39.43517124486284,0.0015392019498960963
2013-09-04,39.96862128533336,0.013436589092013396
2013-09-05,40.1881956270112,0.005478632993515031
2013-09-06,40.10434665923743,-0.0020885874544940286
2013-09-09,40.748975643605355,0.015945977860318816
2013-09-10,41.400824104011114,0.01587008473645657
2013-09-11,41.56553755652137,0.003970613285104729
2013-09-12,41.31835661395193,-0.005964528521342771
2013-09-13,41.38076011163681,0.0015091699161939864
2013-09-16,41.46274545777336,0.0019792830430884756
2013-09-17,41.168592675406956,-0.0071196723072572965
2013-09-18,41.403641771321674,0.005693190510469126
2013-09-19,41.4532101972438,0.0011964835896574044
2013-09-20,41.280744856916726,-0.004169161018079404
2013-09-23,41.24499671170447,-0.000866351438198798
2013-09-24,41.27832229751879,0.0008076647431543016
2013-09-25,41.27295405013664,-0.0001300584952099726
2013-09-26,41.50646689641358,0.0056418240911275674
2013-09-27,41.29984474916252,-0.004990503066104157
2013-09-30,42.12114786717103,0.019691198341701632
2013-10-01,42.76393301242058,0.015145121500651282
2013-10-02,42.650038478190346,-0.002666884579809903
2013-10-03,42.225132407102095,-0.010012577681954404
2013-10-04,42.705148912490955,0.011303897955353914
2013-10-07,42.215412064301646,-0.011534127234528402
2013-10-08,41.47194901792743,-0.017768097745193057
2013-10-09,41.20114220451004,-0.006551292034329581
2013-10-10,42.314296625224685,0.026659031251456078
2013-10-11,42.729258591308,0.00975888786150314
2013-10-14,42.90627009625816,0.004134072849553139
2013-10-15,42.25156664566012,-0.015376537857767492
2013-10-16,42.7311340617894,0.011286355994985175
2013-10-17,42.98491842132853,0.00592153030280107
2013-10-18,43.42030977209198,0.01007797895863538
2013-10-21,43.64132759715524,0.005077283325688686
2013-10-22,43.70837923614557,0.0015352461866471323
2013-10-23,43.286829806344215,-0.009691401029485736
2013-10-24,43.38695228072788,0.0023103299869333682
2013-10-25,43.40467396908672,0.0004083732353192815
2013-10-28,43.40294208474234,-3.990166815670548e-05
2013-10-29,43.69540296124874,0.0067156723936108165
2013-10-30,43.35071666491104,-0.007919666020919092
2013-10-31,43.39970644999697,0.00112944210609367
2013-11-01,43.21681790990394,-0.004222954297401049
2013-11-04,43.44491868823725,0.005264175725970155
2013-11-05,43.413774125969056,-0.0007171317595018323
2013-11-06,43.42641559966627,0.0002911433940080421
2013-11-07,42.61671730405109,-0.018821309047098556
2013-11-08,43.440018151674714,0.01913449220731822
2013-11-11,43.71487305876322,0.0063072953097602635
2013-11-12,44.02918748929756,0.007164377235459707
2013-11-13,44.422457447868254,0.008892373913663931
2013-11-14,44.29821254377269,-0.002800812602693714
2013-11-15,44.43925776516769,0.0031789353400126785
2013-11-18,44.3942881200772,-0.0010124474596548971
2013-11-19,44.06550429256364,-0.007433554443941226
2013-11-20,43.95524780397982,-0.002505239812745419
2013-11-21,44.51561046597562,0.012667903683846848
2013-11-22,44.71069865208019,0.004372891782900901
2013-11-25,44.73340761954461,0.0005077800852166803
2013-11-26,44.98755457283411,0.005665289957372366
2013-11-27,45.06686923106749,0.0017614832318373352
2013-11-29,44.919385273072194,-0.003277924853412273
2013-12-02,44.62928739170544,-0.006479133360044909
2013-12-03,44.38031576470392,-0.005594278987645751
2013-12-04,44.300295543796075,-0.0018046840554024612
2013-12-05,44.42897101128112,0.00290040846016959
2013-12-06,44.941505309752046,0.011470005278822804
2013-12-09,44.75491981625618,-0.004160383479373753
2013-12-10,44.65392887460696,-0.00225908254223528
2013-12-11,43.932159419124744,-0.01629568347419763
2013-12-12,43.779204014790515,-0.003487702240453583
2013-12-13,44.11582812181913,0.007659721936338126
2013-12-16,44.66744313167345,0.012426262291212353
2013-12-17,44.82458982236586,0.0035119741283158312
2013-12-18,45.19455127360623,0.008219663722743409
2013-12-19,44.965441252490386,-0.005082309965947385
2013-12-20,45.79388561721881,0.01825635783878088
2013-12-23,46.09352930354618,0.006521997571338201
2013-12-24,46.25587165744563,0.0035158326840738496
2013-12-26,46.26175873601503,0.00012726392909812034
2013-12-27,46.21864131774366,-0.0009324661521903366
2013-12-30,46.287747865328846,0.0014940927010793636
2013-12-31,46.504762051587456,0.004677415927422768
2014-01-02,45.87994756750765,-0.013526567618889818
2014-01-03,46.01162345601295,0.0028658989538197233
2014-01-06,45.66903687729717,-0.007473510160585395
2014-01-07,46.09792916606848,0.009347490282213489
2014-01-08,46.173621155135365,0.0016406358358920237
2014-01-09,46.058713498782105,-0.002491701337399732
2014-01-10,46.06201900792171,7.176471682512897e-05
2014-01-13,44.18638615241698,-0.04157199169446857
2014-01-14,45.0078882245248,0.018421032247712965
2014-01-15,45.561766320892225,0.01223113865628811
2014-01-16,45.51016590998345,-0.0011331793488165154
2014-01-17,45.2806554884384,-0.0050558174690271684
2014-01-21,45.32933081158513,0.001074392124236656
2014-01-22,45.64360887248118,0.0069092921971161125
2014-01-23,45.19420211215287,-0.009894787690646556
2014-01-24,44.035942166159415,-0.025962638879252875
2014-01-27,43.56918736495209,-0.010655979172915941
2014-01-28,44.09719874892756,0.012046071299356864
2014-01-29,43.60770312121107,-0.011162448161384564
2014-01-30,44.34246400625612,0.016708961534726452
2014-01-31,44.04544486082245,-0.006720834721854363
2014-02-03,42.39179844875362,-0.038267027939340004
2014-02-04,42.85333652392803,0.010828596500014331
2014-02-05,42.647219331098526,-0.004821432797837755
2014-02-06,42.993573970354404,0.008088587558879645
2014-02-07,43.55020717808275,0.012863798557628314
2014-02-10,43.53831550128776,-0.0002730940083268685
2014-02-11,43.86286602589758,0.007426719197249465
2014-02-12,44.25787442172246,0.008965222932886263
2014-02-13,44.910167356891996,0.014630904932285915
2014-02-14,45.1046784885353,0.004321763428400516
2014-02-18,45.6470042951283,0.011952004544662831
2014-02-19,45.514334358192556,-0.0029106643794443166
2014-02-20,45.90191243701607,0.008479464311636598
2014-02-21,45.857115433619605,-0.0009764054392258359
2014-02-24,46.08276235681256,0.00490858551655915
2014-02-25,45.96851943009339,-0.0024821595779394023
2014-02-26,46.19599327599463,0.004936266706599746
2014-02-27,46.37068891396439,0.0037744864834832192
2014-02-28,46.2698507501016,-0.0021769778987277277
2014-03-03,45.806525137729835,-0.010064026055416342
2014-03-04,46.86029863331607,0.022744254714415657
2014-03-05,46.76728238759488,-0.001986941781658924
2014-03-06,46.64463241319179,-0.002626004298198037
2014-03-07,46.59296500820693,-0.0011082956168424474
2014-03-10,46.28453745285809,-0.006641623233471172
2014-03-11,45.72344273376463,-0.012196804532340622
2014-03-12,45.75935443839364,0.0007851029392131892
2014-03-13,45.088990438047524,-0.014758137167303786
2014-03-14,45.12968834672339,0.0009022058842949043
2014-03-17,45.51316946392597,0.0084614147087545
2014-03-18,46.22824785719034,0.015589313878412447
2014-03-19,45.842210593434146,-0.008385741364807409
2014-03-20,45.973552318743394,0.0028609861908681644
2014-03-21,45.76780898638716,-0.004485298111040148
2014-03-24,45.17101105762236,-0.01312545063491477
2014-03-25,45.177611847745375,0.00014611822344345882
2014-03-26,44.43745850976014,-0.016518877140411004
2014-03-27,44.00682078690063,-0.009738134098403961
2014-03-28,43.82189446948561,-0.004211073568642032
2014-03-31,44.725644478392624,0.0204134728732277
2014-04-01,45.422758451052445,0.01546622781990692
2014-04-02,45.56676807487158,0.0031654136374528186
2014-04-03,45.117294019179006,-0.009913048138117553
2014-04-04,44.23014335801483,-0.01985909934308605
2014-04-07,43.52232067065266,-0.016132607709330227
2014-04-08,43.91326778354963,0.00894257647558172
2014-04-09,44.633010565566664,0.016257230626838037
2014-04-10,43.30528649599752,-0.030199014929249923
2014-04-11,42.5148608477662,-0.018421035715542988
2014-04-14,42.80202958842735,0.006731839936429118
2014-04-15,43.0606070870324,0.006023068713600033
2014-04-16,43.6546245224936,0.01370063173887548
2014-04-17,43.979853912593,0.007422441236624611
2014-04-21,43.92250899274309,-0.0013047414447040495
2014-04-22,44.39287214034625,0.01065199717288623
2014-04-23,44.05346342745663,-0.00767494496578891
2014-04-24,43.870346830462985,-0.004165353189654386
2014-04-25,42.92232230035328,-0.021846597066554896
2014-04-28,42.601126716091805,-0.0075113222889751086
2014-04-29,42.65512067346845,0.0012666277545312354
2014-04-30,43.17700676598009,0.01216077335219179
2014-05-01,43.14724424329846,-0.0006895518585552374
2014-05-02,43.36006641455181,0.004920337922855289
2014-05-05,43.20154159371054,-0.0036627091781711307
2014-05-06,42.6428727383639,-0.01301603015191155
2014-05-07,42.45733388678462,-0.004360486370622141
2014-05-08,42.24369164536251,-0.00504463064405547
2014-05-09,42.567097232583436,0.007626556928781891
2014-05-12,43.60395121242392,0.024066180971875628
2014-05-13,43.13309699469098,-0.010857156260904333
2014-05-14,42.53879900867945,-0.013874036800537226
2014-05-15,42.218120366872576,-0.007567055866318562
2014-05-16,42.63441341945609,0.009812232447438785
2014-05-19,43.18500078872723,0.012831477089453536
2014-05-20,42.70708464034409,-0.011128407888536085
2014-05-21,42.90257646781187,0.004567058547713554
2014-05-22,43.195096064926105,0.006795090135578441
2014-05-23,43.669295265517206,0.010918257850600188
2014-05-27,44.12240575394695,0.010322490771873305
2014-05-28,44.00890570726596,-0.0025757045378806964
2014-05-29,44.12529921427145,0.0026412804149318347
2014-05-30,43.83324349323517,-0.006640782926824684
2014-06-02,43.70664296355476,-0.002892409918875849
2014-06-03,43.76603680500768,0.0013579977368407548
2014-06-04,44.00056947735523,0.005344475320084197
2014-06-05,44.56350733258284,0.012712726356101989
2014-06-06,45.07816516945916,0.011482683831945284
2014-06-09,45.32616722429644,0.005486521948270262
2014-06-10,45.285456590096054,-0.0008985742717300127
2014-06-11,45.39441715811059,0.0024031930339338814
2014-06-12,45.087905252443115,-0.006775093078005057
2014-06-13,45.197536909025324,0.0024285578680363074
2014-06-16,45.266095494088155,0.0015157162357319898
2014-06-17,45.915401318963745,0.014242293077511903
2014-06-18,45.952927257109735,0.000816950538117478
2014-06-19,45.92074415246736,-0.0007005947507048305
2014-06-20,45.99547836136931,0.0016261378748274602
2014-06-23,46.047264611528945,0.0011252653702267246
2014-06-24,45.71595167219334,-0.007221071632268927
2014-06-25,45.9355468119041,0.004791968785140099
2014-06-26,45.89700036954457,-0.0008394941838467673
2014-06-27,46.230940134598775,0.0072495103169285535
2014-06-30,46.52896869892671,0.006425827570831544
2014-07-01,47.27808909253783,0.015971854063847157
2014-07-02,46.912215721262505,-0.007768850779040548
2014-07-03,47.21599210683577,0.006454546351657875
2014-07-07,46.7085648537391,-0.01080510159134862
2014-07-08,45.911962134581735,-0.017201853371140885
2014-07-09,45.879741561011045,-0.0007020367548875583
2014-07-10,45.475124155267,-0.00885820472405685
2014-07-11,45.11408482266194,-0.00797095478066323
2014-07-14,45.334006797299736,0.00486295297329864
2014-07-15,45.12852192693764,-0.00454299093055921
2014-07-16,45.06959282620527,-0.0013066594413433386
2014-07-17,44.521450021217994,-0.01223670642331065
2014-07-18,45.071092093964445,0.012269971485820985
2014-07-21,44.96149412645539,-0.002434630087751799
2014-07-22,45.337935417417675,0.008337671092929266
2014-07-23,45.07593990510513,-0.005795487577452629
2014-07-24,45.360579288433215,0.0062948093482542156
2014-07-25,44.987531058984345,-0.00825806645063265
2014-07-28,44.838820439190314,-0.0033110719332514194
2014-07-29,45.104179095582836,0.0059006132258407895
2014-07-30,45.522713854934494,0.009236501909269279
2014-07-31,44.24787916383565,-0.028403965193754654
2014-08-01,44.03598671122756,-0.004800262366983166
2014-08-04,44.46244718521432,0.00963776998629573
2014-08-05,44.47473793159449,0.00027639162274484264
2014-08-06,44.59926330710306,0.0027960000651403583
2014-08-07,44.21568786629508,-0.008637685898722491
2014-08-08,44.39745645688088,0.004102525577111216
2014-08-11,44.804531539674336,0.009127103954709614
2014-08-12,44.73585333800061,-0.0015340165275232742
2014-08-13,45.04199860902596,0.006820088719993844
2014-08-14,45.085021414809695,0.0009547150020097206
2014-08-15,44.96051335886034,-0.002765448294851147
2014-08-18,45.57317843044561,0.013534727508222044
2014-08-19,45.86657869382145,0.006417367664091067
2014-08-20,45.862260656435396,-9.414786930328489e-05
2014-08-21,46.268077509581865,0.0088096817152441
2014-08-22,46.20902766367539,-0.001277069688140564
2014-08-25,46.092970567655506,-0.002514726861918337
2014-08-26,46.3660101684368,0.00590619520816027
2014-08-27,46.123367467092784,-0.005246943253767178
2014-08-28,45.933054265592666,-0.004134713669042611
2014-08-29,46.271456508847834,0.007340286496443582
2014-09-02,46.593254303227106,0.006930492317395842
2014-09-03,46.344238729367866,-0.00535878818419544
2014-09-04,46.12719553720598,-0.004694284077073618
2014-09-05,46.27183821655142,0.0031308292223264367
2014-09-08,46.31508542975488,0.0009341970689922263
2014-09-09,45.67293088369716,-0.01396192685338793
2014-09-10,46.03256820555945,0.007843350052438858
2014-09-11,46.271887936960184,0.005185454259876376
2014-09-12,45.96330663263022,-0.006691208428472262
2014-09-15,45.441153907790586,-0.011425228084281702
2014-09-16,45.71311119342623,0.005966985576620676
2014-09-17,45.63707363451362,-0.001664749263871279
2014-09-18,46.03560675659832,0.00869475248454421
2014-09-19,45.49603813088535,-0.011789908866004506
2014-09-22,44.785219093073366,-0.01574709409570163
2014-09-23,44.28188091517565,-0.011302569326120171
2014-09-24,44.71065696956427,0.009636299458926523
2014-09-25,43.79552336940831,-0.020680278175268185
2014-09-26,44.11871662471261,0.007352499692656167
2014-09-29,44.202747383139716,0.0019028394677538252
2014-09-30,43.94685868444664,-0.005805798321385058
2014-10-01,43.08355546268021,-0.019839766306097406
2014-10-02,43.28116047445987,0.004576066845411564
2014-10-03,43.78422716727741,0.011556194831530586
2014-10-06,43.5370159594375,-0.005662124345609421
2014-10-07,42.720637529126286,-0.01892939987017117
2014-10-08,43.42795450391641,0.016421228772894647
2014-10-09,42.39039006419657,-0.024181659628362162
2014-10-10,41.00804255168135,-0.033153479855125845
2014-10-13,40.62012108080113,-0.009504670299441464
2014-10-14,40.81763366994353,0.0048506488671304915
2014-10-15,41.18482137339416,0.008955589375222672
2014-10-16,41.40385702596419,0.005304266162544646
2014-10-17,41.76621732824601,0.008713773503818523
2014-10-20,42.03088681704009,0.006316933540833514
2014-10-21,43.049243365138814,0.02393990658190459
2014-10-22,42.454430975447714,-0.013913366639515257
2014-10-23,43.518045532771914,0.02474440354912666
2014-10-24,43.80209530137427,0.006505962262901566
2014-10-27,43.79354868525353,-0.0001951379260174413
2014-10-28,44.97686409058926,0.02666170999615103
2014-10-29,44.884144316377295,-0.0020636271228209324
2014-10-30,45.306170874102804,0.009358646481501864
2014-10-31,46.17886679379098,0.019079019131507557
2014-11-03,46.20544625654744,0.000575410751289418
2014-11-04,46.18863817324993,-0.00036383462397315824
2014-11-05,46.280376179987485,0.001984189784588697
2014-11-06,46.55078934455676,0.005825929856472456
2014-11-07,46.82699801099323,0.005915956670923261
2014-11-10,46.95656267430396,0.002763058787574657
2014-11-11,47.028659973926324,0.0015342265886713058
2014-11-12,47.250871441170844,0.0047138944240696645
2014-11-13,46.95754045384148,-0.006227298164947381
2014-11-14,47.18136025263719,0.004755105888191391
2014-11-17,46.866680339991746,-0.006691922234424386
2014-11-18,47.12010601386945,0.005392806752814838
2014-11-19,46.71474024772004,-0.008640037342574569
2014-11-20,46.921509889835406,0.004416451489654527
2014-11-21,47.17219595473618,0.0053284469089796005
2014-11-24,47.59218498974153,0.008863916603679023
2014-11-25,47.542424897000835,-0.0010460987297413737
2014-11-26,47.6398370258443,0.002046855388504465
2014-11-28,47.43621283491334,-0.004283402656350077
2014-12-01,46.85964757692278,-0.012229008587103962
2014-12-02,47.328623905592266,0.009958356745181085
2014-12-03,48.019969859548375,0.014501694097437401
2014-12-04,47.87617067581908,-0.002999063167892224
2014-12-05,48.272516495829024,0.008244482097143013
2014-12-08,47.45821574459264,-0.017012726687324786
2014-12-09,47.994305163673395,0.011232706075563481
2014-12-10,47.03055452524535,-0.020284874675026376
2014-12-11,47.176566884814804,0.0030998182367070193
2014-12-12,46.479732036697364,-0.014880957611790091
2014-12-15,46.21969859258991,-0.00561026371767781
2014-12-16,45.848566008170685,-0.00806216118615355
2014-12-17,46.82694580547162,0.021114879816756194
2014-12-18,47.89324961145144,0.022515765485067174
2014-12-19,47.8906025416029,-5.5271735051487525e-05
2014-12-22,48.268765480765744,0.00786537799695708
2014-12-23,48.41040440374584,0.002930083584390175
2014-12-24,48.594521194844354,0.0037960342952483295
2014-12-26,48.68577304110379,0.0018760607940251361
2014-12-29,48.620732120119115,-0.0013368259514234815
2014-12-30,48.278673346126254,-0.0070601092581839
2014-12-31,47.82465470403333,-0.009448622208291457
2015-01-02,47.516864039950065,-0.006456614859903453
2015-01-05,46.63566884070967,-0.01871900634250423
2015-01-06,45.899092391882476,-0.0159203308353284
2015-01-07,46.35169806806021,0.00981258383972694
2015-01-08,47.31063861301227,0.020477260916940576
2015-01-09,47.06128766456095,-0.0052844429175911145
2015-01-12,46.661394548091884,-0.008533591523048667
2015-01-13,46.98514352465704,0.006914302931675831
2015-01-14,46.785207629308495,-0.004264379857238154
2015-01-15,46.01539508379313,-0.016591060431836446
2015-01-16,46.88960255610828,0.018819940742601737
2015-01-20,46.80597252905528,-0.0017851440515928019
2015-01-21,46.93230515210019,0.0026954346219665304
2015-01-22,47.81655349059309,0.01866563933617682
2015-01-23,47.978473070442256,0.0033805457311211207
2015-01-26,48.2676227304503,0.006008566426079387
2015-01-27,47.54534861920465,-0.015077035668936034
2015-01-28,47.00640814030667,-0.011400027542793012
2015-01-29,47.3878229605019,0.008081360302293117
2015-01-30,46.57300892387835,-0.017344130445254624
2015-02-02,47.003817626134996,0.009207658815418185
2015-02-03,48.05209902293598,0.02205699410298667
2015-02-04,48.028038167042126,-0.0005008497510621268
2015-02-05,48.34967113445527,0.0066744512555887425
2015-02-06,48.49962447770539,0.0030966350788479424
2015-02-09,48.38382726904941,-0.002390444636501954
2015-02-10,48.80457884705744,0.008658526741359474
2015-02-11,48.99381619595735,0.0038699527736270056
2015-02-12,49.83429635905744,0.01700933884260314
2015-02-13,50.402425690417736,0.011335873790474071
2015-02-17,50.445490650627946,0.0008540575629196745
2015-02-18,50.649935243973445,0.004044591933624719
2015-02-19,50.926604918559526,0.005447524759874867
2015-02-20,51.431431324196986,0.00986401297660322
2015-02-23,51.35795410817907,-0.0014296656843333366
2015-02-24,51.64149340142398,0.005505660784160593
2015-02-25,51.701481335082384,0.0011609485898582683
2015-02-26,51.76152265786743,0.0011606337958083301
2015-02-27,51.38682958033287,-0.007265161633861705
2015-03-02,52.078034415787265,0.013361349773776787
2015-03-03,51.7138390791073,-0.007017829414416976
2015-03-04,51.365689626936,-0.0067549935545327955
2015-03-05,51.474734064083,0.0021206540015938913
2015-03-06,50.77781113895568,-0.013631616027102833
2015-03-09,51.00825714185236,0.004528053800097798
2015-03-10,50.21680913575897,-0.015637710369395652
2015-03-11,50.57163139030813,0.007040960621259806
2015-03-12,51.082786950005456,0.010056815556184873
2015-03-13,50.72940076548744,-0.006941950892255022
2015-03-16,51.54925981374557,0.016032212474485164
2015-03-17,51.4612049429565,-0.0017096300350556426
2015-03-18,51.95637145209013,0.009576134161769723
2015-03-19,52.12279847691679,0.0031980878938258073
2015-03-20,52.7388717798612,0.011750344809255964
2015-03-23,52.50017461236229,-0.004536293039640871
2015-03-24,52.21190446660196,-0.005505971738034798
2015-03-25,50.64169932708232,-0.030535189518979156
2015-03-26,50.6576063949425,0.0003140607505165427
2015-03-27,51.13836666491327,0.009445635813841502
2015-03-30,51.97122663947935,0.016155200730437524
2015-03-31,51.68957287835767,-0.005434155544535191
2015-04-01,51.376872710709,-0.006067952093046891
2015-04-02,51.46777556628751,0.0017677707255394637
2015-04-06,52.044446574256035,0.011142200642736633
2015-04-07,51.864529172308345,-0.003462984414125181
2015-04-08,52.337508540459744,0.009078183629599224
2015-04-09,52.52497663848758,0.003575507435816583
2015-04-10,52.828214908823924,0.005756619297271559
2015-04-13,52.53622762447288,-0.005542439646329278
2015-04-14,52.39457371605634,-0.0026999506848026655
2015-04-15,52.886328891342096,0.009341841481051105
2015-04-16,52.873008308425234,-0.0002519036775376904
2015-04-17,51.91902222952053,-0.018207728763864228
2015-04-20,52.59131871031737,0.012865822625033996
2015-04-21,52.87997813866095,0.005473719536824184
2015-04-22,52.99727309641662,0.002215679088247935
2015-04-23,53.32096890763586,0.006089205489003824
2015-04-24,52.84987456263826,-0.008874327853053643
2015-04-27,52.53253167049457,-0.006022710293601463
2015-04-28,52.77829591426327,0.004667415413300624
2015-04-29,52.53445561849571,-0.004630792149399987
2015-04-30,51.46528943048923,-0.020561663029485366
2015-05-01,52.13066712839474,0.012845807302608314
2015-05-04,52.35100113780159,0.004217664968110046
2015-05-05,51.56493769950421,-0.015129121491106456
2015-05-06,51.482046506793246,-0.0016088042018505
2015-05-07,51.86543377069773,0.007419416933834633
2015-05-08,52.06967186886752,0.003930113118138845
2015-05-11,52.094998501288096,0.00048628067135725317
2015-05-12,51.8277949069014,-0.005142359523794937
2015-05-13,52.40111528370283,0.011001288569097767
2015-05-14,53.27588421121306,0.0165558998196631
2015-05-15,53.106900967871255,-0.003176893426533489
2015-05-18,53.789081097753886,0.012763611462772939
2015-05-19,53.667705044341126,-0.0022590682150376296
2015-05-20,53.71793123212705,0.0009354359333326734
2015-05-21,53.728877749692245,0.0002037569604311784
2015-05-22,53.64081837360947,-0.0016403025994593534
2015-05-26,52.908434581385976,-0.013747545038832687
2015-05-27,53.70356441907156,0.01491660579405707
2015-05-28,53.76342550346895,0.0011140367964443953
2015-05-29,53.343762493867196,-0.007836358418511491
2015-06-01,53.485845225585,0.0026599894640999544
2015-06-02,53.51358541866127,0.0005185110524563719
2015-06-03,54.101045667177324,0.010917959353765383
2015-06-04,53.36404333711119,-0.013716340659168491
2015-06-05,53.68968342942529,0.006083694730000033
2015-06-08,52.981969120504296,-0.013269217754429352
2015-06-09,52.76305793110738,-0.004140364955715015
2015-06-10,53.42956956924773,0.012553044522119805
2015-06-11,53.6073563671214,0.00332197435260273
2015-06-12,53.47877803104469,-0.0024014014249189586
2015-06-15,53.10318315936214,-0.007048029934595856
2015-06-16,53.64341155764769,0.010121784435995096
2015-06-17,53.6317777819778,-0.00021689592508966626
2015-06-18,54.269622453748745,0.011822869771861644
2015-06-19,54.119616652432384,-0.0027679112488239177
2015-06-22,54.46578609396937,0.006376006452606386
2015-06-23,54.481253187296055,0.00028393783865299227
2015-06-24,53.787906100353325,-0.012808016056247151
2015-06-25,53.69959364918093,-0.0016432137922937073
2015-06-26,53.23232697497301,-0.008739572723172273
2015-06-29,52.02106270233936,-0.02301717317056884
2015-06-30,52.31358134747235,0.005607330417388479
2015-07-01,52.47373569679696,0.003056753022129488
2015-07-02,52.379151905786024,-0.0018041242130442114
2015-07-06,52.0555756550547,-0.006196737306067401
2015-07-07,52.20789489253377,0.0029218161459936276
2015-07-08,51.45398621952554,-0.014545789783861451
2015-07-09,51.63555306449364,0.0035225112842778294
2015-07-10,52.19381944219313,0.010753638283124811
2015-07-13,52.48759530741557,0.0056127754323131995
2015-07-14,52.920099794306516,0.00820636318250445
2015-07-15,52.63411105750352,-0.005418816251837821
2015-07-16,53.105204449300246,0.008910526921875217
2015-07-17,52.8118539298188,-0.005539263911856995
2015-07-20,52.869450028394716,0.001089996094316259
2015-07-21,52.57539166141728,-0.0055774967191069
2015-07-22,52.535970676844116,-0.0007500804012905427
2015-07-23,52.434569120571794,-0.0019320008834706748
2015-07-24,51.91215176195377,-0.010013189090400054
2015-07-27,51.28117227190225,-0.01222922819344996
2015-07-28,52.129304768994125,0.016403589637635108
2015-07-29,52.61782052885877,0.009327593485215058
2015-07-30,52.669256491580526,0.0009770613501540737
2015-07-31,52.727465085973805,0.0011045618770713084
2015-08-03,52.45476102560045,-0.005185375542925197
2015-08-04,52.201226155183896,-0.004845119199149206
2015-08-05,52.83330619834535,0.012035806877479516
2015-08-06,52.04080888331541,-0.015113594037760247
2015-08-07,52.19437475613334,0.0029465287739007806
2015-08-10,53.04330804125776,0.016133986945500833
2015-08-11,51.93560173733141,-0.02110418976739359
2015-08-12,51.98110270322586,0.0008757200114697383
2015-08-13,51.844694308543446,-0.0026276412432046925
2015-08-14,52.24260197262711,0.0076456900439967335
2015-08-17,52.837793266315536,0.011328424442162088
2015-08-18,52.32049287720338,-0.009838588681363003
2015-08-19,51.9235116675394,-0.007616421308159982
2015-08-20,50.5933173841094,-0.025952206168236458
2015-08-21,49.41919477735151,-0.023480593093366586
2015-08-24,47.45766903323051,-0.040500771513252154
2015-08-25,47.224704665797226,-0.0049209758575718965
2015-08-26,48.798112272036924,0.03277446956100549
2015-08-27,49.81158588396585,0.02055597608376747
2015-08-28,50.002431487888224,0.00382402875892085
2015-08-31,49.537507598233496,-0.009341522103513356
2015-09-01,48.123934533623476,-0.02895045909821503
2015-09-02,48.92055315388606,0.016417965268991974
2015-09-03,49.28551861478944,0.007432679762672478
2015-09-04,48.62807119640168,-0.013429337037961897
2015-09-08,50.278955000834785,0.03338563911539705
2015-09-09,49.79108983824602,-0.00975055079890641
2015-09-10,50.05072665201754,0.005200975065678737
2015-09-11,50.46518247672024,0.008246618413094264
2015-09-14,50.20639404617368,-0.005141252566406518
2015-09-15,50.87444375799306,0.013218320174812614
2015-09-16,51.284286685966904,0.008023692639591573
2015-09-17,51.1620621963089,-0.002386118177613028
2015-09-18,50.46176986755537,-0.013782267399137904
2015-09-21,50.67791304640429,0.004274158306040832
2015-09-22,50.02071194607249,-0.013053016991707356
2015-09-23,50.039140353307765,0.0003683476843137079
2015-09-24,49.66133410319064,-0.00757886179741174
2015-09-25,49.69405582499111,0.0006586803797392626
2015-09-28,48.4485892056512,-0.02538210549257025
2015-09-29,48.53248344703847,0.0017301161973004575
2015-09-30,49.581877045165015,0.021392049260915424
2015-10-01,49.69586770646128,0.002296400098031004
2015-10-02,50.511905771565374,0.01628728144092051
2015-10-05,51.56359593951484,0.020606852105975904
2015-10-06,51.489206411757,-0.0014437169874375044
2015-10-07,52.080615666270965,0.011420617913304731
2015-10-08,52.42124541201097,0.006519136570335871
2015-10-09,52.48331570761684,0.0011833670945624597
2015-10-12,52.477646195870726,-0.0001080308649767936
2015-10-13,51.97205293307662,-0.009681161667172145
2015-10-14,51.72638651859871,-0.004738101660345606
2015-10-15,52.49590161489612,0.014767073220393279
2015-10-16,52.56353517418662,0.0012875296251491086
2015-10-19,52.69947129274836,0.0025827914039573407
2015-10-20,52.49361982518133,-0.003913788028171439
2015-10-21,51.83750649213878,-0.012577684260463684
2015-10-22,52.95905471904139,0.0214051116960694
2015-10-23,53.44411161226884,0.009117402612325076
2015-10-26,53.16463533977241,-0.005243039069632971
2015-10-27,52.773969069883435,-0.0073753669487302
2015-10-28,54.44100794211995,0.031099633243166558
2015-10-29,53.95665398650031,-0.008936672074637109
2015-10-30,54.21845462204727,0.004840321402066028
2015-11-02,54.90155899989312,0.012520403522642276
2015-11-03,54.95039948984751,0.0008892056881633081
2015-11-04,55.29453352083777,0.006243101416961494
2015-11-05,54.76609931513092,-0.009602675411202632
2015-11-06,55.341642199095766,0.010454271750256261
2015-11-09,55.09251786862568,-0.004511733559791509
2015-11-10,54.902312176693925,-0.0034584513006477025
2015-11-11,54.938865913656294,0.0006655744038308598
2015-11-12,53.783261315249995,-0.021258747395469513
2015-11-13,52.92572964422963,-0.01607268748087476
2015-11-16,53.70688110628539,0.014651529780284278
2015-11-17,53.77489349646085,0.0012655615243510887
2015-11-18,54.55659352583532,0.014431881597298357
2015-11-19,54.66926621144793,0.002063114464816884
2015-11-20,54.63239373264773,-0.0006746920443445603
2015-11-23,54.529395339363184,-0.0018870783398741153
2015-11-24,54.56161428304631,0.0005906801070301171
2015-11-25,54.84328683375476,0.005149187471337413
2015-11-27,55.09199683983316,0.004524669825370253
2015-11-30,53.860635471183116,-0.022604571805837192
2015-12-01,54.03581538263029,0.003247188651509525
2015-12-02,53.7434280572387,-0.005425683709317841
2015-12-03,52.76537427869212,-0.01836620541831291
2015-12-04,53.524598707051965,0.014286151736789154
2015-12-07,52.90977463258854,-0.011553239689652717
2015-12-08,52.79288038158724,-0.0022117570961341926
2015-12-09,51.72046281638409,-0.02052283799957344
2015-12-10,51.95764663775159,0.004575396607602311
2015-12-11,51.08981037542805,-0.016843827213725238
2015-12-14,50.95654215290537,-0.0026119169374498874
2015-12-15,51.49696200998282,0.010549661012932976
2015-12-16,52.0404602329722,0.010498681604046656
2015-12-17,51.514813676850665,-0.010152086917613268
2015-12-18,50.86577767969222,-0.012679057297340535
2015-12-21,51.1804516830149,0.006167302852620349
2015-12-22,51.61933329441763,0.008538622488304615
2015-12-23,52.11653083228024,0.009585910317886803
2015-12-24,52.25412303199034,0.002636608554687836
2015-12-28,52.21849272992635,-0.0006820984271440622
2015-12-29,52.60539801302551,0.007382039292243903
2015-12-30,52.23329893221582,-0.007098536211003648
2015-12-31,51.41795564860234,-0.015732758945091074
2016-01-04,49.99670189691922,-0.028030401952944928
2016-01-05,49.67249889974409,-0.006505603296032891
2016-01-06,48.85855598744776,-0.016521926586205105
2016-01-07,47.50414249024454,-0.02811259374976549
2016-01-08,46.93141677856562,-0.012129599020872295
2016-01-11,46.97702298977306,0.000971291076826919
2016-01-12,47.4876373522443,0.010810801282022275
2016-01-13,46.10509866855988,-0.02954586682437732
2016-01-14,47.041281457171266,0.020102001008418746
2016-01-15,46.23324118564964,-0.017326499530847528
2016-01-19,45.925247552764155,-0.006684024092967089
2016-01-20,45.975471385589,0.0010930020658173056
2016-01-21,45.84597339173717,-0.0028206500131586765
2016-01-22,47.168850419437696,0.02844635247895866
2016-01-25,46.207308126194775,-0.0205957558612484
2016-01-26,46.76294764368025,0.011953202207279912
2016-01-27,45.939718223636326,-0.017761108666081604
2016-01-28,45.78220137687897,-0.0034346643047702408
2016-01-29,47.658842322498224,0.04017278167379912
2016-02-01,47.77611714034987,0.0024576921820367303
2016-02-02,46.61701368430396,-0.024560298199603814
2016-02-03,47.01805785592958,0.008566162600873728
2016-02-04,47.243258303932656,0.004778224740501269
2016-02-05,45.45396692218797,-0.03860986453058368
2016-02-08,44.28613073684462,-0.026028545716093365
2016-02-09,44.24292167063847,-0.0009761557017093914
2016-02-10,44.533869331537275,0.006554611836662172
2016-02-11,44.494689996257925,-0.0008801521243162469
2016-02-12,45.05696292097228,0.01255767582970524
2016-02-16,46.469254723813414,0.030863373221238
2016-02-17,47.33404211722851,0.018438837952237108
2016-02-18,46.66010670571862,-0.014340189660202896
2016-02-19,47.042040487947055,0.008152126901069146
2016-02-22,47.50187436879058,0.009727490288097496
2016-02-23,47.06669934418967,-0.009203439985204565
2016-02-24,47.397431910220604,0.0070023174515787545
2016-02-25,47.60322971009946,0.004332561864085704
2016-02-26,47.733204859831176,0.0027266643827239534
2016-02-29,47.675840403930245,-0.0012024952698084235
2016-03-01,48.96638084091983,0.026709178244308074
2016-03-02,49.179707303883696,0.004347127897631697
2016-03-03,49.49448660010289,0.006380196312165243
2016-03-04,49.72176121457644,0.00458140711843269
2016-03-07,49.78838166789368,0.001338968296914711
2016-03-08,48.764117544949066,-0.020786910784278856
2016-03-09,48.96533349927678,0.004117821936038268
2016-03-10,48.55476587188876,-0.008420214003126425
2016-03-11,49.455408894511685,0.018379079050077518
2016-03-14,49.39604647554875,-0.0012010430372844105
2016-03-15,49.016203014676265,-0.007719472912890879
2016-03-16,49.61589371953233,0.012160303076413026
2016-03-17,50.03893890977719,0.00849026023787891
2016-03-18,50.60397348619327,0.01122862007212877
2016-03-21,50.4588063073859,-0.002872813887433434
2016-03-22,50.45328142881663,-0.000109498845950462
2016-03-23,49.61748185109591,-0.016704559564105992
2016-03-24,49.872260765296055,0.0051217233947431495
2016-03-28,49.9680365694542,0.0019185806952450868
2016-03-29,51.12170133138829,0.02282555824799104
2016-03-30,51.16516983412369,0.0008499332291003192
2016-03-31,51.49240020985702,0.006375204164692949
2016-04-01,51.91476666702353,0.008169043186169844
2016-04-04,51.38948314822292,-0.010169727711064613
2016-04-05,50.793867561900036,-0.011657913502731265
2016-04-06,51.248178457460156,0.008904445081328927
2016-04-07,50.42054995053919,-0.016281246004407723
2016-04-08,50.495632225249345,0.0014880128626582056
2016-04-11,50.16393597038151,-0.006590480396435616
2016-04-12,50.17559419910176,0.00023237559021893617
2016-04-13,51.36395377789585,0.023407900930171976
2016-04-14,51.16650502511019,-0.0038515188398364764
2016-04-15,51.243041261806454,0.0014947093063244488
2016-04-18,51.63144249958688,0.007551009133801578
2016-04-19,51.672787854768956,0.0008004581660956411
2016-04-20,51.81059185402626,0.002663308467527159
2016-04-21,51.71943182377894,-0.0017610360853419493
2016-04-22,51.99106199946761,0.005238250957757984
2016-04-25,51.732984906262445,-0.004976235182981181
2016-04-26,52.183993284001474,0.008680221796395049
2016-04-27,52.58245743181385,0.007606749420962178
2016-04-28,51.422317387603066,-0.022310286568297588
2016-04-29,51.179515751130474,-0.0047328996428492864
2016-05-02,51.42133062194397,0.004713710015133543
2016-05-03,50.88097143495399,-0.010564067502587093
2016-05-04,50.44791989001703,-0.008547496687715928
2016-05-05,50.40330736734514,-0.000884719537780132
2016-05-06,50.598418677329676,0.003863529076682415
2016-05-09,50.62693673892992,0.0005634568974834941
2016-05-10,51.25097966530055,0.012250951989924097
2016-05-11,50.93741096710015,-0.0061370901419151025
2016-05-12,50.73328142488665,-0.004015509518001004
2016-05-13,50.42780848654038,-0.006039354994955115
2016-05-16,50.986853394855125,0.011025044321319122
2016-05-17,50.185605511344576,-0.015839580145561527
2016-05-18,50.550856179005045,0.007251639815970989
2016-05-19,50.30882143465035,-0.004799444429731015
2016-05-20,51.23368858605341,0.018216857704311362
2016-05-23,51.16305003096175,-0.0013797034407780906
2016-05-24,52.432251749083804,0.02450430095760492
2016-05-25,52.85460937705053,0.008023031345210985
2016-05-26,52.97365550325306,0.002249799267725283
2016-05-27,53.547211044227794,0.010768990199674366
2016-05-31,53.656763394817,0.00204381207501525
2016-06-01,53.94140931045953,0.005290918470317596
2016-06-02,54.41431587587983,0.00872883398207236
2016-06-03,54.29219989597646,-0.002246710427676657
2016-06-06,54.65982496514176,0.006748409950191547
2016-06-07,54.804890100958616,0.0026504471445658595
2016-06-08,54.960703953563645,0.0028390309113408563
2016-06-09,54.866740535890244,-0.0017111103884186463
2016-06-10,53.93325534085364,-0.017160076049842488
2016-06-13,53.40472859492238,-0.009847977352260173
2016-06-14,53.55390732877161,0.0027894677095026132
2016-06-15,53.56346686993382,0.00017848722038049658
2016-06-16,53.47608866262759,-0.0016326343337347282
2016-06-17,53.05296052651813,-0.007943943262357589
2016-06-20,53.837518676593135,0.014679927440646612
2016-06-21,53.87588756237098,0.0007124254768355875
2016-06-22,53.60769536240582,-0.004990394798091824
2016-06-23,54.6121916941956,0.01856452096191452
2016-06-24,51.99528067569885,-0.04910419070132477
2016-06-27,50.132342536963826,-0.03648659879939142
2016-06-28,51.178561780022044,0.020654369698937636
2016-06-29,52.105270752384676,0.01794538058920514
2016-06-30,53.237142419674655,0.021490208811582256
2016-07-01,53.17381502304264,-0.0011902421635912042
2016-07-05,52.52862474584838,-0.012207822096823584
2016-07-06,52.79616915648225,0.005080379959365722
2016-07-07,53.06135981425584,0.0050103420157308065
2016-07-08,54.102607590014344,0.019433407895330657
2016-07-11,54.24877824897606,0.002698087274155103
2016-07-12,54.832921215557015,0.010710294272593401
2016-07-13,54.65985166511909,-0.0031612989610163567
2016-07-14,54.868661593466435,0.0038128917322195477
2016-07-15,54.77505962395952,-0.0017073844485819833
2016-07-18,54.81055510068051,0.0006478127270908018
2016-07-19,54.80934131938637,-2.214527351007689e-05
2016-07-20,55.37841442926352,0.010329245126966313
2016-07-21,54.84682478248252,-0.0096455906479056
2016-07-22,55.43152845950167,0.010604241702516504
2016-07-25,55.451042200826,0.0003519713045898598
2016-07-26,55.892114587186114,0.007922798423985355
2016-07-27,56.148698766247335,0.004580199303060084
2016-07-28,56.0389396799354,-0.0019567061550036513
2016-07-29,56.01903562892597,-0.00035524559789479326
2016-08-01,56.26409970063736,0.004365116099006805
2016-08-02,55.399925811262754,-0.015478416413428064
2016-08-03,55.69349376673409,0.005285077008440275
2016-08-04,55.60254806764548,-0.0016343028526843995
2016-08-05,56.33970590793567,0.013170513721943777
2016-08-08,56.222822597079215,-0.0020767719847532007
2016-08-09,56.4087721827063,0.003301911065635821
2016-08-10,56.47380107739966,0.0011521513021692797
2016-08-11,56.74169269263075,0.004732428509254483
2016-08-12,56.70024477520939,-0.0007307336279840371
2016-08-15,57.08683000944839,0.006794914490664716
2016-08-16,56.67434869810009,-0.00725173778354371
2016-08-17,55.82753296316025,-0.015054534481223847
2016-08-18,56.32168206701597,0.008812407677153189
2016-08-19,56.68469797597809,0.0064247196929558825
2016-08-22,56.73117550757823,0.0008195948728211278
2016-08-23,57.146790751027716,0.0072993416101088116
2016-08-24,56.86283416486853,-0.004981284229716998
2016-08-25,57.05738652594752,0.0034155929305788035
2016-08-26,57.06637724049857,0.00015756077915618505
2016-08-29,57.27265631374443,0.0036082043136378417
2016-08-30,57.34997270860868,0.0013490600808889752
2016-08-31,57.09309634863636,-0.004489162925842116
2016-09-01,57.48374871639538,0.006819072061300169
2016-09-02,57.97461427086342,0.008502952912854411
2016-09-06,57.826018494493674,-0.0025664083931351556
2016-09-07,57.88887808166496,0.001086456371901079
2016-09-08,57.481983772717285,-0.007053704713359643
2016-09-09,55.96795818112027,-0.026692221371445335
2016-09-12,56.67017392780419,0.012468687667236189
2016-09-13,55.81579015451094,-0.015191232274431421
2016-09-14,55.87565014901019,0.0010718816064656522
2016-09-15,56.845430769540854,0.017207154876969
2016-09-16,56.336833975756754,-0.00898727761373852
2016-09-19,56.93808429027152,0.010615871020451806
2016-09-20,56.65725831638209,-0.004944332039398702
2016-09-21,57.4061102510219,0.01313064313952772
2016-09-22,58.089968182256264,0.011842236246113913
2016-09-23,57.519415582836096,-0.009870431154022086
2016-09-26,57.19303413924854,-0.00569044293090748
2016-09-27,57.72284143661479,0.009220850445092132
2016-09-28,58.01662848733337,0.005076706881262716
2016-09-29,57.288762966514724,-0.01262517181183398
2016-09-30,57.74697289607341,0.007966434942030531
2016-10-03,57.418086910686725,-0.005711573979412243
2016-10-04,57.241508397852186,-0.0030800501598680086
2016-10-05,57.65219277636061,0.007148975503606714
2016-10-06,57.85436188680783,0.003500568733692866
2016-10-07,57.33721348378569,-0.008978987843943464
2016-10-10,57.62231264223049,0.004960002055398149
2016-10-11,56.53775722878181,-0.019001180457827616
2016-10-12,56.71341741461678,0.003102136949247658
2016-10-13,56.44189961417982,-0.004799037794624539
2016-10-14,56.537108766191444,0.0016854312303626884
2016-10-17,56.39650762352689,-0.0024899798625641623
2016-10-18,56.64650600494926,0.00442307367734962
2016-10-19,56.679639818046965,0.0005847514499190964
2016-10-20,56.233802551051184,-0.007897015175739597
2016-10-21,56.48283017492203,0.004418656289261413
2016-10-24,57.1246499151416,0.011299019536530786
2016-10-25,56.8538688327254,-0.00475144956832807
2016-10-26,56.742283191355675,-0.001964603118534747
2016-10-27,56.36341996660181,-0.00669930217740955
2016-10-28,56.57313308907584,0.0037138261765381486
2016-10-31,56.737875884663424,0.0029078006304743553
2016-11-01,56.28220070826412,-0.008063658408869578
2016-11-02,55.569744508076866,-0.012739444707277947
2016-11-03,55.707596914015156,0.002477637849646719
2016-11-04,55.7419526856634,0.0006165260040953413
2016-11-07,57.18327879459741,0.025528473407812946
2016-11-08,57.08333612813105,-0.0017492894494068878
2016-11-09,57.62033918335865,0.009363378760906649
2016-11-10,57.32085695017852,-0.005211063064623822
2016-11-11,58.174621435264825,0.014784648692750757
2016-11-14,58.34958172022237,0.0030029884213123026
2016-11-15,58.97211911138751,0.010612584536627168
2016-11-16,59.454799570197714,0.008151577985012537
2016-11-17,60.129275886305166,0.011280489743233701
2016-11-18,60.190545630292625,0.0010184481411474877
2016-11-21,60.42400355317402,0.0038711451646129547
2016-11-22,60.64803370209214,0.0037007786386613617
2016-11-23,60.92456967111867,0.004549321776344151
2016-11-25,61.212791852210735,0.004719648640047147
2016-11-28,60.7365162309152,-0.007811082331888208
2016-11-29,60.68217266069275,-0.0008951434799246982
2016-11-30,59.90475345771766,-0.012894100529343255
2016-12-01,58.588797077312584,-0.022212356377658615
2016-12-02,58.61912226789616,0.0005174597660237978
2016-12-05,59.546772953954395,0.01570114188579108
2016-12-06,60.108508589586215,0.009389301587297894
2016-12-07,60.84523757838337,0.012182146039871888
2016-12-08,61.5505346653247,0.011524987845120904
2016-12-09,61.224177101719384,-0.005316377087512869
2016-12-12,60.89996668934375,-0.005309534445300912
2016-12-13,61.500182183997765,0.009807509406818404
2016-12-14,60.98665388080676,-0.008385085753203292
2016-12-15,61.20142462458702,0.0035154160305665982
2016-12-16,60.795007923911626,-0.006662788340289438
2016-12-19,61.29683320273158,0.008220501880529696
2016-12-20,61.67352628343739,0.006126586285435387
2016-12-21,61.28067883240379,-0.006390164329288517
2016-12-22,60.756409030705484,-0.008592027819346981
2016-12-23,60.89563285348011,0.0022888869171637793
2016-12-27,61.31331935729043,0.006835638840742675
2016-12-28,60.58674640104177,-0.011920937959688516
2016-12-29,60.751165401288205,0.002710102694822858
2016-12-30,60.31678069973874,-0.007175913683925117
