,CIK,Company Name,Form Type,Date Filed,Filename,Text
22106,105770,WEST PHARMACEUTICAL SERVICES INC,8-K,2015-01-14,edgar/data/105770/0000105770-15-000003.txt,
22107,105770,WEST PHARMACEUTICAL SERVICES INC,8-K,2015-02-19,edgar/data/105770/0000105770-15-000005.txt,
22108,105770,WEST PHARMACEUTICAL SERVICES INC,8-K,2015-03-12,edgar/data/105770/0000105770-15-000009.txt,
33815,1097149,ALIGN TECHNOLOGY INC,8-K,2015-01-29,edgar/data/1097149/0001102624-15-000117.txt,
33816,1097149,ALIGN TECHNOLOGY INC,8-K,2015-02-06,edgar/data/1097149/0001097149-15-000002.txt,
33817,1097149,ALIGN TECHNOLOGY INC,8-K,2015-03-26,edgar/data/1097149/0001102624-15-000436.txt,
46413,1142596,NUVASIVE INC,8-K,2015-01-12,edgar/data/1142596/0001193125-15-008050.txt,
46414,1142596,NUVASIVE INC,8-K,2015-01-12,edgar/data/1142596/0001193125-15-008058.txt,
46415,1142596,NUVASIVE INC,8-K,2015-02-24,edgar/data/1142596/0001193125-15-060078.txt,
46416,1142596,NUVASIVE INC,8-K,2015-03-03,edgar/data/1142596/0001193125-15-075120.txt,
54713,1179929,MOLINA HEALTHCARE INC,8-K,2015-01-13,edgar/data/1179929/0001193125-15-008800.txt,
54714,1179929,MOLINA HEALTHCARE INC,8-K,2015-02-09,edgar/data/1179929/0001157523-15-000471.txt,
54715,1179929,MOLINA HEALTHCARE INC,8-K,2015-02-12,edgar/data/1179929/0001193125-15-046713.txt,
74343,1237831,GLOBUS MEDICAL INC,8-K,2015-01-06,edgar/data/1237831/0001237831-15-000002.txt,
74344,1237831,GLOBUS MEDICAL INC,8-K,2015-02-25,edgar/data/1237831/0001237831-15-000007.txt,
74345,1237831,GLOBUS MEDICAL INC,8-K,2015-03-02,edgar/data/1237831/0001237831-15-000011.txt,
74346,1237831,GLOBUS MEDICAL INC,8-K,2015-03-12,edgar/data/1237831/0001237831-15-000013.txt,
240303,3116,AKORN INC,8-K,2015-02-26,edgar/data/3116/0001171843-15-001042.txt,
240304,3116,AKORN INC,8-K,2015-03-12,edgar/data/3116/0001171843-15-001378.txt,
240305,3116,AKORN INC,8-K,2015-03-17,edgar/data/3116/0001171843-15-001464.txt,
255699,70318,TENET HEALTHCARE CORP,8-K,2015-01-12,edgar/data/70318/0001193125-15-007347.txt,
255700,70318,TENET HEALTHCARE CORP,8-K,2015-02-23,edgar/data/70318/0001193125-15-058168.txt,
255701,70318,TENET HEALTHCARE CORP,8-K,2015-03-12,edgar/data/70318/0001193125-15-089326.txt,
255702,70318,TENET HEALTHCARE CORP,8-K,2015-03-23,edgar/data/70318/0001193125-15-100823.txt,
255703,70318,TENET HEALTHCARE CORP,8-K,2015-03-23,edgar/data/70318/0001193125-15-101743.txt,
269836,785161,HEALTHSOUTH CORP,8-K,2015-01-02,edgar/data/785161/0000785161-15-000003.txt,
269837,785161,HEALTHSOUTH CORP,8-K,2015-01-13,edgar/data/785161/0000785161-15-000006.txt,
269838,785161,HEALTHSOUTH CORP,8-K,2015-01-23,edgar/data/785161/0000785161-15-000008.txt,
269839,785161,HEALTHSOUTH CORP,8-K,2015-01-29,edgar/data/785161/0000785161-15-000010.txt,
269840,785161,HEALTHSOUTH CORP,8-K,2015-02-20,edgar/data/785161/0000785161-15-000015.txt,
269841,785161,HEALTHSOUTH CORP,8-K,2015-02-24,edgar/data/785161/0000785161-15-000017.txt,
269842,785161,HEALTHSOUTH CORP,8-K,2015-03-09,edgar/data/785161/0000785161-15-000029.txt,
269843,785161,HEALTHSOUTH CORP,8-K,2015-03-12,edgar/data/785161/0000785161-15-000032.txt,
269844,785161,HEALTHSOUTH CORP,8-K,2015-03-23,edgar/data/785161/0000785161-15-000036.txt,
269845,785161,HEALTHSOUTH CORP,8-K,2015-03-27,edgar/data/785161/0000785161-15-000039.txt,
272972,799729,PAREXEL INTERNATIONAL CORP,8-K,2015-01-12,edgar/data/799729/0000799729-15-000002.txt,
272973,799729,PAREXEL INTERNATIONAL CORP,8-K,2015-01-29,edgar/data/799729/0000799729-15-000004.txt,
277618,815094,ABIOMED INC,8-K,2015-01-28,edgar/data/815094/0001193125-15-022559.txt,
277619,815094,ABIOMED INC,8-K,2015-02-09,edgar/data/815094/0001193125-15-038228.txt,
277620,815094,ABIOMED INC,8-K,2015-03-24,edgar/data/815094/0001193125-15-103395.txt,
277952,817366,VCA INC,8-K,2015-02-11,edgar/data/817366/0001157523-15-000506.txt,
315719,943819,RESMED INC,8-K,2015-01-22,edgar/data/943819/0001193125-15-017497.txt,
317888,96943,TELEFLEX INC,8-K,2015-02-20,edgar/data/96943/0000096943-15-000018.txt,
317889,96943,TELEFLEX INC,8-K,2015-02-20,edgar/data/96943/0000096943-15-000019.txt,
16836,105770,WEST PHARMACEUTICAL SERVICES INC,8-K,2015-04-15,edgar/data/105770/0000105770-15-000011.txt,
16837,105770,WEST PHARMACEUTICAL SERVICES INC,8-K,2015-04-30,edgar/data/105770/0000105770-15-000013.txt,
16838,105770,WEST PHARMACEUTICAL SERVICES INC,8-K,2015-05-11,edgar/data/105770/0000105770-15-000018.txt,
16839,105770,WEST PHARMACEUTICAL SERVICES INC,8-K,2015-05-13,edgar/data/105770/0000105770-15-000020.txt,
16840,105770,WEST PHARMACEUTICAL SERVICES INC,8-K,2015-06-03,edgar/data/105770/0000105770-15-000025.txt,
26255,1097149,ALIGN TECHNOLOGY INC,8-K,2015-04-23,edgar/data/1097149/0001102624-15-000611.txt,
26256,1097149,ALIGN TECHNOLOGY INC,8-K,2015-04-29,edgar/data/1097149/0001097149-15-000009.txt,
26257,1097149,ALIGN TECHNOLOGY INC,8-K,2015-05-04,edgar/data/1097149/0001628280-15-003591.txt,
26258,1097149,ALIGN TECHNOLOGY INC,8-K,2015-05-14,edgar/data/1097149/0001097149-15-000014.txt,
26259,1097149,ALIGN TECHNOLOGY INC,8-K,2015-06-05,edgar/data/1097149/0001097149-15-000019.txt,
26260,1097149,ALIGN TECHNOLOGY INC,8-K,2015-06-17,edgar/data/1097149/0001102624-15-000968.txt,
36932,1142596,NUVASIVE INC,8-K,2015-04-01,edgar/data/1142596/0001193125-15-115223.txt,
36933,1142596,NUVASIVE INC,8-K,2015-04-30,edgar/data/1142596/0001193125-15-158623.txt,
36934,1142596,NUVASIVE INC,8-K,2015-05-04,edgar/data/1142596/0001193125-15-169063.txt,
36935,1142596,NUVASIVE INC,8-K,2015-05-26,edgar/data/1142596/0001193125-15-199401.txt,
36936,1142596,NUVASIVE INC,8-K,2015-06-15,edgar/data/1142596/0001193125-15-223376.txt,
44066,1179929,MOLINA HEALTHCARE INC,8-K,2015-05-07,edgar/data/1179929/0001157523-15-001676.txt,
44067,1179929,MOLINA HEALTHCARE INC,8-K,2015-05-13,edgar/data/1179929/0001193125-15-184250.txt,
44068,1179929,MOLINA HEALTHCARE INC,8-K,2015-05-15,edgar/data/1179929/0001157523-15-001820.txt,
44069,1179929,MOLINA HEALTHCARE INC,8-K,2015-06-01,edgar/data/1179929/0001193125-15-207657.txt,
44070,1179929,MOLINA HEALTHCARE INC,8-K,2015-06-01,edgar/data/1179929/0001193125-15-207667.txt,
44071,1179929,MOLINA HEALTHCARE INC,8-K,2015-06-05,edgar/data/1179929/0001193125-15-213778.txt,
44072,1179929,MOLINA HEALTHCARE INC,8-K,2015-06-16,edgar/data/1179929/0001193125-15-223585.txt,
59811,1237831,GLOBUS MEDICAL INC,8-K,2015-04-22,edgar/data/1237831/0001237831-15-000019.txt,
59812,1237831,GLOBUS MEDICAL INC,8-K,2015-04-24,edgar/data/1237831/0001237831-15-000021.txt,
59813,1237831,GLOBUS MEDICAL INC,8-K,2015-05-05,edgar/data/1237831/0001237831-15-000029.txt,
59814,1237831,GLOBUS MEDICAL INC,8-K,2015-06-09,edgar/data/1237831/0001237831-15-000035.txt,
59815,1237831,GLOBUS MEDICAL INC,8-K,2015-06-18,edgar/data/1237831/0001237831-15-000040.txt,
199802,3116,AKORN INC,8-K,2015-04-24,edgar/data/3116/0001171843-15-002187.txt,
199803,3116,AKORN INC,8-K,2015-04-24,edgar/data/3116/0001171843-15-002188.txt,
199804,3116,AKORN INC,8-K,2015-05-18,edgar/data/3116/0001171843-15-002921.txt,
199805,3116,AKORN INC,8-K,2015-05-20,edgar/data/3116/0001171843-15-002991.txt,
210801,70318,TENET HEALTHCARE CORP,8-K,2015-05-04,edgar/data/70318/0001193125-15-169013.txt,
210802,70318,TENET HEALTHCARE CORP,8-K,2015-05-08,edgar/data/70318/0001193125-15-179568.txt,
210803,70318,TENET HEALTHCARE CORP,8-K,2015-06-01,edgar/data/70318/0001193125-15-207810.txt,
210804,70318,TENET HEALTHCARE CORP,8-K,2015-06-02,edgar/data/70318/0001193125-15-209825.txt,
210805,70318,TENET HEALTHCARE CORP,8-K,2015-06-03,edgar/data/70318/0001193125-15-210914.txt,
210806,70318,TENET HEALTHCARE CORP,8-K,2015-06-16,edgar/data/70318/0001193125-15-224695.txt,
222050,785161,HEALTHSOUTH CORP,8-K,2015-04-10,edgar/data/785161/0000785161-15-000042.txt,
222051,785161,HEALTHSOUTH CORP,8-K,2015-04-29,edgar/data/785161/0000785161-15-000045.txt,
222052,785161,HEALTHSOUTH CORP,8-K,2015-04-30,edgar/data/785161/0000785161-15-000048.txt,
222053,785161,HEALTHSOUTH CORP,8-K,2015-05-11,edgar/data/785161/0000785161-15-000053.txt,
222054,785161,HEALTHSOUTH CORP,8-K,2015-06-09,edgar/data/785161/0000785161-15-000056.txt,
222055,785161,HEALTHSOUTH CORP,8-K,2015-06-12,edgar/data/785161/0000785161-15-000059.txt,
222056,785161,HEALTHSOUTH CORP,8-K,2015-06-25,edgar/data/785161/0000785161-15-000061.txt,
224470,799729,PAREXEL INTERNATIONAL CORP,8-K,2015-04-14,edgar/data/799729/0000799729-15-000009.txt,
224471,799729,PAREXEL INTERNATIONAL CORP,8-K,2015-04-30,edgar/data/799729/0000799729-15-000012.txt,
224472,799729,PAREXEL INTERNATIONAL CORP,8-K,2015-06-23,edgar/data/799729/0000799729-15-000018.txt,
228088,815094,ABIOMED INC,8-K,2015-05-05,edgar/data/815094/0001193125-15-170238.txt,
228089,815094,ABIOMED INC,8-K,2015-05-06,edgar/data/815094/0001193125-15-174496.txt,
228090,815094,ABIOMED INC,8-K,2015-06-01,edgar/data/815094/0001193125-15-209092.txt,
228091,815094,ABIOMED INC,8-K,2015-06-19,edgar/data/815094/0001193125-15-228951.txt,
228092,815094,ABIOMED INC,8-K,2015-06-29,edgar/data/815094/0001193125-15-239036.txt,
228317,817366,VCA INC,8-K,2015-04-16,edgar/data/817366/0001157523-15-001173.txt,
228318,817366,VCA INC,8-K,2015-04-29,edgar/data/817366/0001157523-15-001399.txt,
257601,943819,RESMED INC,8-K,2015-04-23,edgar/data/943819/0001193125-15-144133.txt,
257602,943819,RESMED INC,8-K,2015-05-13,edgar/data/943819/0001193125-15-184767.txt,
259460,96943,TELEFLEX INC,8-K,2015-04-30,edgar/data/96943/0000096943-15-000084.txt,
259461,96943,TELEFLEX INC,8-K,2015-05-07,edgar/data/96943/0000096943-15-000090.txt,
259462,96943,TELEFLEX INC,8-K,2015-05-21,edgar/data/96943/0000096943-15-000105.txt,
259463,96943,TELEFLEX INC,8-K,2015-06-03,edgar/data/96943/0000096943-15-000111.txt,
12211,105770,WEST PHARMACEUTICAL SERVICES INC,8-K,2015-07-01,edgar/data/105770/0000105770-15-000032.txt,
12212,105770,WEST PHARMACEUTICAL SERVICES INC,8-K,2015-07-30,edgar/data/105770/0000105770-15-000034.txt,
12213,105770,WEST PHARMACEUTICAL SERVICES INC,8-K,2015-09-10,edgar/data/105770/0000105770-15-000039.txt,
19637,1097149,ALIGN TECHNOLOGY INC,8-K,2015-07-23,edgar/data/1097149/0001102624-15-001160.txt,
19638,1097149,ALIGN TECHNOLOGY INC,8-K,2015-07-24,edgar/data/1097149/0001097149-15-000021.txt,
27654,1142596,NUVASIVE INC,8-K,2015-07-06,edgar/data/1142596/0001193125-15-245611.txt,
27655,1142596,NUVASIVE INC,8-K,2015-07-13,edgar/data/1142596/0001193125-15-251245.txt,
27656,1142596,NUVASIVE INC,8-K,2015-07-28,edgar/data/1142596/0001193125-15-266031.txt,
27657,1142596,NUVASIVE INC,8-K,2015-08-06,edgar/data/1142596/0001193125-15-281146.txt,
33876,1179929,MOLINA HEALTHCARE INC,8-K,2015-07-16,edgar/data/1179929/0001157523-15-002359.txt,
33877,1179929,MOLINA HEALTHCARE INC,8-K,2015-07-30,edgar/data/1179929/0001157523-15-002640.txt,
33878,1179929,MOLINA HEALTHCARE INC,8-K,2015-08-03,edgar/data/1179929/0001157523-15-002681.txt,
33879,1179929,MOLINA HEALTHCARE INC,8-K,2015-08-04,edgar/data/1179929/0001193125-15-275671.txt,
33880,1179929,MOLINA HEALTHCARE INC,8-K,2015-09-01,edgar/data/1179929/0001193125-15-309320.txt,
33881,1179929,MOLINA HEALTHCARE INC,8-K,2015-09-08,edgar/data/1179929/0001157523-15-003092.txt,
33882,1179929,MOLINA HEALTHCARE INC,8-K,2015-09-17,edgar/data/1179929/0001193125-15-322416.txt,
44296,1237831,GLOBUS MEDICAL INC,8-K,2015-07-30,edgar/data/1237831/0001237831-15-000044.txt,
44297,1237831,GLOBUS MEDICAL INC,8-K,2015-08-31,edgar/data/1237831/0001237831-15-000048.txt,
44298,1237831,GLOBUS MEDICAL INC,8-K,2015-09-08,edgar/data/1237831/0001237831-15-000051.txt,
44299,1237831,GLOBUS MEDICAL INC,8-K,2015-09-17,edgar/data/1237831/0001237831-15-000054.txt,
159665,3116,AKORN INC,8-K,2015-07-15,edgar/data/3116/0001171843-15-003836.txt,
159666,3116,AKORN INC,8-K,2015-08-05,edgar/data/3116/0001171843-15-004360.txt,
168559,70318,TENET HEALTHCARE CORP,8-K,2015-08-03,edgar/data/70318/0001193125-15-274866.txt,
177316,785161,HEALTHSOUTH CORP,8-K,2015-07-20,edgar/data/785161/0000785161-15-000063.txt,
177317,785161,HEALTHSOUTH CORP,8-K,2015-07-29,edgar/data/785161/0000785161-15-000065.txt,
177318,785161,HEALTHSOUTH CORP,8-K,2015-07-30,edgar/data/785161/0000785161-15-000067.txt,
177319,785161,HEALTHSOUTH CORP,8-K,2015-08-04,edgar/data/785161/0000785161-15-000073.txt,
177320,785161,HEALTHSOUTH CORP,8-K,2015-08-12,edgar/data/785161/0000785161-15-000075.txt,
177321,785161,HEALTHSOUTH CORP,8-K,2015-09-03,edgar/data/785161/0000785161-15-000077.txt,
177322,785161,HEALTHSOUTH CORP,8-K,2015-09-08,edgar/data/785161/0000785161-15-000080.txt,
177323,785161,HEALTHSOUTH CORP,8-K,2015-09-21,edgar/data/785161/0000785161-15-000082.txt,
179082,799729,PAREXEL INTERNATIONAL CORP,8-K,2015-08-06,edgar/data/799729/0000799729-15-000023.txt,
179083,799729,PAREXEL INTERNATIONAL CORP,8-K,2015-08-26,edgar/data/799729/0000799729-15-000028.txt,
179084,799729,PAREXEL INTERNATIONAL CORP,8-K,2015-09-15,edgar/data/799729/0000799729-15-000030.txt,
179085,799729,PAREXEL INTERNATIONAL CORP,8-K,2015-09-17,edgar/data/799729/0000799729-15-000032.txt,
182012,815094,ABIOMED INC,8-K,2015-08-04,edgar/data/815094/0001193125-15-275745.txt,
182013,815094,ABIOMED INC,8-K,2015-08-14,edgar/data/815094/0001193125-15-291711.txt,
182171,817366,VCA INC,8-K,2015-07-29,edgar/data/817366/0001157523-15-002572.txt,
205145,943819,RESMED INC,8-K,2015-07-30,edgar/data/943819/0001193125-15-270772.txt,
206510,96943,TELEFLEX INC,8-K,2015-07-30,edgar/data/96943/0000096943-15-000123.txt,
206511,96943,TELEFLEX INC,8-K,2015-07-31,edgar/data/96943/0000096943-15-000128.txt,
12807,105770,WEST PHARMACEUTICAL SERVICES INC,8-K,2015-10-19,edgar/data/105770/0000105770-15-000042.txt,
12808,105770,WEST PHARMACEUTICAL SERVICES INC,8-K,2015-10-29,edgar/data/105770/0000105770-15-000044.txt,
12809,105770,WEST PHARMACEUTICAL SERVICES INC,8-K,2015-11-20,edgar/data/105770/0000105770-15-000049.txt,
12810,105770,WEST PHARMACEUTICAL SERVICES INC,8-K,2015-12-17,edgar/data/105770/0000105770-15-000051.txt,
20051,1097149,ALIGN TECHNOLOGY INC,8-K,2015-10-22,edgar/data/1097149/0001199073-15-000038.txt,
28413,1142596,NUVASIVE INC,8-K,2015-10-27,edgar/data/1142596/0001193125-15-354698.txt,
28414,1142596,NUVASIVE INC,8-K,2015-12-01,edgar/data/1142596/0001193125-15-391296.txt,
28415,1142596,NUVASIVE INC,8-K,2015-12-10,edgar/data/1142596/0001193125-15-399452.txt,
28416,1142596,NUVASIVE INC,8-K,2015-12-10,edgar/data/1142596/0001193125-15-400193.txt,
33395,1179929,MOLINA HEALTHCARE INC,8-K,2015-10-29,edgar/data/1179929/0001157523-15-003560.txt,
33396,1179929,MOLINA HEALTHCARE INC,8-K,2015-11-02,edgar/data/1179929/0001157523-15-003606.txt,
33397,1179929,MOLINA HEALTHCARE INC,8-K,2015-11-02,edgar/data/1179929/0001193125-15-361332.txt,
33398,1179929,MOLINA HEALTHCARE INC,8-K,2015-11-06,edgar/data/1179929/0001193125-15-368635.txt,
33399,1179929,MOLINA HEALTHCARE INC,8-K,2015-11-06,edgar/data/1179929/0001193125-15-370273.txt,
33400,1179929,MOLINA HEALTHCARE INC,8-K,2015-11-10,edgar/data/1179929/0001193125-15-373583.txt,
33401,1179929,MOLINA HEALTHCARE INC,8-K,2015-11-24,edgar/data/1179929/0001157523-15-003933.txt,
44539,1237831,GLOBUS MEDICAL INC,8-K,2015-11-03,edgar/data/1237831/0001237831-15-000057.txt,
44540,1237831,GLOBUS MEDICAL INC,8-K,2015-12-10,edgar/data/1237831/0001237831-15-000063.txt,
162624,3116,AKORN INC,8-K,2015-10-13,edgar/data/3116/0001171843-15-005491.txt,
162625,3116,AKORN INC,8-K,2015-11-04,edgar/data/3116/0001171843-15-005984.txt,
162626,3116,AKORN INC,8-K,2015-11-13,edgar/data/3116/0001171843-15-006336.txt,
162627,3116,AKORN INC,8-K,2015-12-21,edgar/data/3116/0001171843-15-006939.txt,
171476,70318,TENET HEALTHCARE CORP,8-K,2015-10-23,edgar/data/70318/0001193125-15-351076.txt,
171477,70318,TENET HEALTHCARE CORP,8-K,2015-11-02,edgar/data/70318/0001193125-15-362369.txt,
171478,70318,TENET HEALTHCARE CORP,8-K,2015-12-01,edgar/data/70318/0001193125-15-391393.txt,
171479,70318,TENET HEALTHCARE CORP,8-K,2015-12-09,edgar/data/70318/0001193125-15-399011.txt,
180176,785161,HEALTHSOUTH CORP,8-K,2015-10-01,edgar/data/785161/0000785161-15-000084.txt,
180177,785161,HEALTHSOUTH CORP,8-K,2015-10-28,edgar/data/785161/0000785161-15-000086.txt,
182085,799729,PAREXEL INTERNATIONAL CORP,8-K,2015-10-19,edgar/data/799729/0000799729-15-000034.txt,
182086,799729,PAREXEL INTERNATIONAL CORP,8-K,2015-10-28,edgar/data/799729/0000799729-15-000036.txt,
182087,799729,PAREXEL INTERNATIONAL CORP,8-K,2015-12-08,edgar/data/799729/0000799729-15-000040.txt,
184982,815094,ABIOMED INC,8-K,2015-10-29,edgar/data/815094/0001193125-15-357084.txt,
184983,815094,ABIOMED INC,8-K,2015-12-15,edgar/data/815094/0001193125-15-403712.txt,
185110,817366,VCA INC,8-K,2015-10-28,edgar/data/817366/0001157523-15-003468.txt,
185111,817366,VCA INC,8-K,2015-10-30,edgar/data/817366/0001011438-15-000266.txt,
185112,817366,VCA INC,8-K,2015-11-02,edgar/data/817366/0001157523-15-003605.txt,
207903,943819,RESMED INC,8-K,2015-10-22,edgar/data/943819/0001193125-15-350704.txt,
207904,943819,RESMED INC,8-K,2015-11-24,edgar/data/943819/0001193125-15-386776.txt,
209298,96943,TELEFLEX INC,8-K,2015-10-29,edgar/data/96943/0000096943-15-000133.txt,
21246,105770,WEST PHARMACEUTICAL SERVICES INC,8-K,2016-01-12,edgar/data/105770/0000105770-16-000053.txt,
21247,105770,WEST PHARMACEUTICAL SERVICES INC,8-K,2016-01-13,edgar/data/105770/0000105770-16-000055.txt,
21248,105770,WEST PHARMACEUTICAL SERVICES INC,8-K,2016-02-18,edgar/data/105770/0000105770-16-000057.txt,
21249,105770,WEST PHARMACEUTICAL SERVICES INC,8-K,2016-02-29,edgar/data/105770/0000105770-16-000062.txt,
21250,105770,WEST PHARMACEUTICAL SERVICES INC,8-K,2016-03-04,edgar/data/105770/0000105770-16-000065.txt,
21251,105770,WEST PHARMACEUTICAL SERVICES INC,8-K,2016-03-10,edgar/data/105770/0000105770-16-000067.txt,
31790,1097149,ALIGN TECHNOLOGY INC,8-K,2016-01-28,edgar/data/1097149/0001102624-16-002030.txt,
31791,1097149,ALIGN TECHNOLOGY INC,8-K,2016-02-05,edgar/data/1097149/0001097149-16-000028.txt,
31792,1097149,ALIGN TECHNOLOGY INC,8-K,2016-03-21,edgar/data/1097149/0001097149-16-000040.txt,
43481,1142596,NUVASIVE INC,8-K,2016-01-05,edgar/data/1142596/0001193125-16-421400.txt,
43482,1142596,NUVASIVE INC,8-K,2016-01-12,edgar/data/1142596/0001193125-16-427267.txt,
43483,1142596,NUVASIVE INC,8-K,2016-02-11,edgar/data/1142596/0001193125-16-459870.txt,
43484,1142596,NUVASIVE INC,8-K,2016-02-11,edgar/data/1142596/0001193125-16-460022.txt,
43485,1142596,NUVASIVE INC,8-K,2016-03-07,edgar/data/1142596/0001193125-16-495303.txt,
43486,1142596,NUVASIVE INC,8-K,2016-03-09,edgar/data/1142596/0001193125-16-498436.txt,
43487,1142596,NUVASIVE INC,8-K,2016-03-11,edgar/data/1142596/0001193125-16-500773.txt,
43488,1142596,NUVASIVE INC,8-K,2016-03-16,edgar/data/1142596/0001193125-16-506806.txt,
51861,1179929,MOLINA HEALTHCARE INC,8-K,2016-01-04,edgar/data/1179929/0001157523-16-004136.txt,
51862,1179929,MOLINA HEALTHCARE INC,8-K,2016-01-11,edgar/data/1179929/0001193125-16-426540.txt,
51863,1179929,MOLINA HEALTHCARE INC,8-K,2016-02-08,edgar/data/1179929/0001179929-16-000219.txt,
51864,1179929,MOLINA HEALTHCARE INC,8-K,2016-02-11,edgar/data/1179929/0001193125-16-459838.txt,
51865,1179929,MOLINA HEALTHCARE INC,8-K,2016-02-18,edgar/data/1179929/0001193125-16-468372.txt,
51866,1179929,MOLINA HEALTHCARE INC,8-K,2016-03-16,edgar/data/1179929/0001193125-16-506690.txt,
68269,1237831,GLOBUS MEDICAL INC,8-K,2016-01-06,edgar/data/1237831/0001237831-16-000066.txt,
68270,1237831,GLOBUS MEDICAL INC,8-K,2016-01-19,edgar/data/1237831/0001237831-16-000068.txt,
68271,1237831,GLOBUS MEDICAL INC,8-K,2016-02-24,edgar/data/1237831/0001237831-16-000071.txt,
233781,3116,AKORN INC,8-K,2016-01-08,edgar/data/3116/0001171843-16-007113.txt,
233782,3116,AKORN INC,8-K,2016-01-14,edgar/data/3116/0001171843-16-007204.txt,
233783,3116,AKORN INC,8-K,2016-01-27,edgar/data/3116/0001171843-16-007434.txt,
233784,3116,AKORN INC,8-K,2016-02-25,edgar/data/3116/0001171843-16-008121.txt,
233785,3116,AKORN INC,8-K,2016-03-22,edgar/data/3116/0001171843-16-008713.txt,
248369,70318,TENET HEALTHCARE CORP,8-K,2016-01-12,edgar/data/70318/0001193125-16-427594.txt,
248370,70318,TENET HEALTHCARE CORP,8-K,2016-01-15,edgar/data/70318/0001193125-16-431204.txt,
248371,70318,TENET HEALTHCARE CORP,8-K,2016-01-19,edgar/data/70318/0001193125-16-431613.txt,
248372,70318,TENET HEALTHCARE CORP,8-K,2016-02-22,edgar/data/70318/0001193125-16-471728.txt,
248373,70318,TENET HEALTHCARE CORP,8-K,2016-03-09,edgar/data/70318/0001193125-16-497632.txt,
248374,70318,TENET HEALTHCARE CORP,8-K,2016-03-22,edgar/data/70318/0001193125-16-513450.txt,
262231,785161,HEALTHSOUTH CORP,8-K,2016-01-11,edgar/data/785161/0000785161-16-000094.txt,
262232,785161,HEALTHSOUTH CORP,8-K,2016-01-29,edgar/data/785161/0000785161-16-000099.txt,
262233,785161,HEALTHSOUTH CORP,8-K,2016-02-05,edgar/data/785161/0000785161-16-000110.txt,
262234,785161,HEALTHSOUTH CORP,8-K,2016-02-23,edgar/data/785161/0000785161-16-000114.txt,
262235,785161,HEALTHSOUTH CORP,8-K,2016-03-14,edgar/data/785161/0000785161-16-000119.txt,
265325,799729,PAREXEL INTERNATIONAL CORP,8-K,2016-01-27,edgar/data/799729/0000799729-16-000042.txt,
265326,799729,PAREXEL INTERNATIONAL CORP,8-K,2016-02-17,edgar/data/799729/0000799729-16-000050.txt,
265327,799729,PAREXEL INTERNATIONAL CORP,8-K,2016-03-17,edgar/data/799729/0001193125-16-508459.txt,
269930,815094,ABIOMED INC,8-K,2016-01-11,edgar/data/815094/0001193125-16-426533.txt,
269931,815094,ABIOMED INC,8-K,2016-02-04,edgar/data/815094/0001193125-16-449970.txt,
269932,815094,ABIOMED INC,8-K,2016-02-11,edgar/data/815094/0001193125-16-459799.txt,
269933,815094,ABIOMED INC,8-K,2016-03-21,edgar/data/815094/0001193125-16-511909.txt,
270267,817366,VCA INC,8-K,2016-02-11,edgar/data/817366/0001157523-16-004556.txt,
270268,817366,VCA INC,8-K,2016-02-29,edgar/data/817366/0001157523-16-004765.txt,
306040,943819,RESMED INC,8-K,2016-01-21,edgar/data/943819/0001193125-16-434578.txt,
306041,943819,RESMED INC,8-K,2016-02-22,edgar/data/943819/0001193125-16-471620.txt,
307972,96943,TELEFLEX INC,8-K,2016-02-25,edgar/data/96943/0000096943-16-000150.txt,
307973,96943,TELEFLEX INC,8-K,2016-03-17,edgar/data/96943/0000096943-16-000186.txt,
15917,105770,WEST PHARMACEUTICAL SERVICES INC,8-K,2016-04-28,edgar/data/105770/0000105770-16-000069.txt,
15918,105770,WEST PHARMACEUTICAL SERVICES INC,8-K,2016-05-11,edgar/data/105770/0000105770-16-000073.txt,
15919,105770,WEST PHARMACEUTICAL SERVICES INC,8-K,2016-06-08,edgar/data/105770/0000105770-16-000077.txt,
24593,1097149,ALIGN TECHNOLOGY INC,8-K,2016-04-28,edgar/data/1097149/0001102624-16-002629.txt,
24594,1097149,ALIGN TECHNOLOGY INC,8-K,2016-05-04,edgar/data/1097149/0001097149-16-000046.txt,
24595,1097149,ALIGN TECHNOLOGY INC,8-K,2016-05-20,edgar/data/1097149/0001097149-16-000055.txt,
33993,1142596,NUVASIVE INC,8-K,2016-04-26,edgar/data/1142596/0001193125-16-556495.txt,
33994,1142596,NUVASIVE INC,8-K,2016-05-20,edgar/data/1142596/0001193125-16-597735.txt,
33995,1142596,NUVASIVE INC,8-K,2016-06-06,edgar/data/1142596/0001193125-16-613961.txt,
33996,1142596,NUVASIVE INC,8-K,2016-06-30,edgar/data/1142596/0001193125-16-638240.txt,
40009,1179929,MOLINA HEALTHCARE INC,8-K,2016-04-19,edgar/data/1179929/0001157523-16-005138.txt,
40010,1179929,MOLINA HEALTHCARE INC,8-K,2016-04-28,edgar/data/1179929/0001179929-16-000291.txt,
40011,1179929,MOLINA HEALTHCARE INC,8-K,2016-05-02,edgar/data/1179929/0001193125-16-572594.txt,
40012,1179929,MOLINA HEALTHCARE INC,8-K,2016-05-13,edgar/data/1179929/0001193125-16-590464.txt,
53850,1237831,GLOBUS MEDICAL INC,8-K,2016-05-03,edgar/data/1237831/0001237831-16-000083.txt,
53851,1237831,GLOBUS MEDICAL INC,8-K,2016-06-15,edgar/data/1237831/0001237831-16-000090.txt,
185769,3116,AKORN INC,8-K,2016-05-06,edgar/data/3116/0001171843-16-009783.txt,
185770,3116,AKORN INC,8-K,2016-05-10,edgar/data/3116/0001171843-16-009846.txt,
185771,3116,AKORN INC,8-K,2016-05-16,edgar/data/3116/0001171843-16-010089.txt,
185772,3116,AKORN INC,8-K,2016-05-20,edgar/data/3116/0001171843-16-010225.txt,
185773,3116,AKORN INC,8-K,2016-06-02,edgar/data/3116/0001171843-16-010449.txt,
196695,70318,TENET HEALTHCARE CORP,8-K,2016-04-01,edgar/data/70318/0001193125-16-526898.txt,
196696,70318,TENET HEALTHCARE CORP,8-K,2016-05-02,edgar/data/70318/0001193125-16-572646.txt,
196697,70318,TENET HEALTHCARE CORP,8-K,2016-05-13,edgar/data/70318/0001193125-16-590440.txt,
207584,785161,HEALTHSOUTH CORP,8-K,2016-04-26,edgar/data/785161/0000785161-16-000124.txt,
207585,785161,HEALTHSOUTH CORP,8-K,2016-05-06,edgar/data/785161/0000785161-16-000128.txt,
207586,785161,HEALTHSOUTH CORP,8-K,2016-05-23,edgar/data/785161/0000785161-16-000131.txt,
209849,799729,PAREXEL INTERNATIONAL CORP,8-K,2016-04-27,edgar/data/799729/0000799729-16-000052.txt,
213121,815094,ABIOMED INC,8-K,2016-04-08,edgar/data/815094/0001193125-16-535148.txt,
213122,815094,ABIOMED INC,8-K,2016-05-03,edgar/data/815094/0001193125-16-573834.txt,
213368,817366,VCA INC,8-K,2016-04-18,edgar/data/817366/0001157523-16-005106.txt,
213369,817366,VCA INC,8-K,2016-04-27,edgar/data/817366/0001157523-16-005238.txt,
213370,817366,VCA INC,8-K,2016-05-03,edgar/data/817366/0001157523-16-005396.txt,
213371,817366,VCA INC,8-K,2016-06-30,edgar/data/817366/0001193125-16-636907.txt,
241117,943819,RESMED INC,8-K,2016-04-04,edgar/data/943819/0001193125-16-529370.txt,
241118,943819,RESMED INC,8-K,2016-04-26,edgar/data/943819/0001193125-16-556414.txt,
242920,96943,TELEFLEX INC,8-K,2016-04-04,edgar/data/96943/0000096943-16-000189.txt,
242921,96943,TELEFLEX INC,8-K,2016-04-28,edgar/data/96943/0000096943-16-000196.txt,
242922,96943,TELEFLEX INC,8-K,2016-05-05,edgar/data/96943/0000096943-16-000221.txt,
242923,96943,TELEFLEX INC,8-K,2016-05-12,edgar/data/96943/0001193125-16-587523.txt,
242924,96943,TELEFLEX INC,8-K,2016-05-16,edgar/data/96943/0001193125-16-591947.txt,
242925,96943,TELEFLEX INC,8-K,2016-05-31,edgar/data/96943/0000096943-16-000229.txt,
11778,105770,WEST PHARMACEUTICAL SERVICES INC,8-K,2016-07-28,edgar/data/105770/0000105770-16-000084.txt,
11779,105770,WEST PHARMACEUTICAL SERVICES INC,8-K,2016-09-07,edgar/data/105770/0000105770-16-000088.txt,
11780,105770,WEST PHARMACEUTICAL SERVICES INC,8-K,2016-09-12,edgar/data/105770/0000105770-16-000092.txt,
11781,105770,WEST PHARMACEUTICAL SERVICES INC,8-K,2016-09-26,edgar/data/105770/0000105770-16-000095.txt,
18690,1097149,ALIGN TECHNOLOGY INC,8-K,2016-07-28,edgar/data/1097149/0001102624-16-003153.txt,
18691,1097149,ALIGN TECHNOLOGY INC,8-K,2016-07-28,edgar/data/1097149/0001102624-16-003155.txt,
26909,1142596,NUVASIVE INC,8-K,2016-07-05,edgar/data/1142596/0001193125-16-640989.txt,
26910,1142596,NUVASIVE INC,8-K,2016-07-18,edgar/data/1142596/0001193125-16-650316.txt,
26911,1142596,NUVASIVE INC,8-K,2016-07-26,edgar/data/1142596/0001193125-16-658115.txt,
26912,1142596,NUVASIVE INC,8-K,2016-08-01,edgar/data/1142596/0001193125-16-665623.txt,
26913,1142596,NUVASIVE INC,8-K,2016-09-12,edgar/data/1142596/0001193125-16-707446.txt,
31611,1179929,MOLINA HEALTHCARE INC,8-K,2016-07-27,edgar/data/1179929/0001179929-16-000326.txt,
31612,1179929,MOLINA HEALTHCARE INC,8-K,2016-07-28,edgar/data/1179929/0001179929-16-000332.txt,
31613,1179929,MOLINA HEALTHCARE INC,8-K,2016-08-01,edgar/data/1179929/0001157523-16-006348.txt,
31614,1179929,MOLINA HEALTHCARE INC,8-K,2016-08-05,edgar/data/1179929/0001193125-16-673648.txt,
31615,1179929,MOLINA HEALTHCARE INC,8-K,2016-08-17,edgar/data/1179929/0001179929-16-000365.txt,
31616,1179929,MOLINA HEALTHCARE INC,8-K,2016-09-16,edgar/data/1179929/0001179929-16-000373.txt,
41462,1237831,GLOBUS MEDICAL INC,8-K,2016-07-26,edgar/data/1237831/0001237831-16-000092.txt,
41463,1237831,GLOBUS MEDICAL INC,8-K,2016-07-27,edgar/data/1237831/0001237831-16-000095.txt,
41464,1237831,GLOBUS MEDICAL INC,8-K,2016-09-02,edgar/data/1237831/0001237831-16-000104.txt,
153894,3116,AKORN INC,8-K,2016-07-06,edgar/data/3116/0001171843-16-010976.txt,
153895,3116,AKORN INC,8-K,2016-08-04,edgar/data/3116/0001171843-16-011501.txt,
153896,3116,AKORN INC,8-K,2016-08-18,edgar/data/3116/0001171843-16-011848.txt,
153897,3116,AKORN INC,8-K,2016-08-25,edgar/data/3116/0001171843-16-011926.txt,
162158,70318,TENET HEALTHCARE CORP,8-K,2016-08-01,edgar/data/70318/0001193125-16-666812.txt,
162159,70318,TENET HEALTHCARE CORP,8-K,2016-09-16,edgar/data/70318/0001193125-16-712302.txt,
170738,785161,HEALTHSOUTH CORP,8-K,2016-07-28,edgar/data/785161/0000785161-16-000133.txt,
170739,785161,HEALTHSOUTH CORP,8-K,2016-08-19,edgar/data/785161/0000785161-16-000141.txt,
170740,785161,HEALTHSOUTH CORP,8-K,2016-09-06,edgar/data/785161/0000785161-16-000143.txt,
172679,799729,PAREXEL INTERNATIONAL CORP,8-K,2016-07-15,edgar/data/799729/0001193125-16-649384.txt,
172680,799729,PAREXEL INTERNATIONAL CORP,8-K,2016-08-03,edgar/data/799729/0000799729-16-000058.txt,
172681,799729,PAREXEL INTERNATIONAL CORP,8-K,2016-09-20,edgar/data/799729/0000799729-16-000071.txt,
175287,815094,ABIOMED INC,8-K,2016-07-28,edgar/data/815094/0001193125-16-661096.txt,
175288,815094,ABIOMED INC,8-K,2016-08-11,edgar/data/815094/0001193125-16-679330.txt,
175289,815094,ABIOMED INC,8-K,2016-08-18,edgar/data/815094/0001193125-16-685264.txt,
175290,815094,ABIOMED INC,8-K,2016-09-28,edgar/data/815094/0001193125-16-723647.txt,
175411,817366,VCA INC,8-K,2016-07-27,edgar/data/817366/0001157523-16-006213.txt,
197384,943819,RESMED INC,8-K,2016-07-28,edgar/data/943819/0001193125-16-662189.txt,
198679,96943,TELEFLEX INC,8-K,2016-07-28,edgar/data/96943/0000096943-16-000237.txt,
198680,96943,TELEFLEX INC,8-K,2016-09-15,edgar/data/96943/0000096943-16-000247.txt,
23312,105770,WEST PHARMACEUTICAL SERVICES INC,8-K,2013-02-06,edgar/data/105770/0000105770-13-000003.txt,
23313,105770,WEST PHARMACEUTICAL SERVICES INC,8-K,2013-02-21,edgar/data/105770/0000105770-13-000005.txt,
23314,105770,WEST PHARMACEUTICAL SERVICES INC,8-K,2013-03-14,edgar/data/105770/0000105770-13-000010.txt,
35730,1097149,ALIGN TECHNOLOGY INC,8-K,2013-01-30,edgar/data/1097149/0001102624-13-000115.txt,
35731,1097149,ALIGN TECHNOLOGY INC,8-K,2013-02-07,edgar/data/1097149/0001097149-13-000002.txt,
35732,1097149,ALIGN TECHNOLOGY INC,8-K,2013-03-27,edgar/data/1097149/0001097149-13-000009.txt,
49115,1142596,NUVASIVE INC,8-K,2013-01-09,edgar/data/1142596/0001193125-13-007654.txt,
49116,1142596,NUVASIVE INC,8-K,2013-02-26,edgar/data/1142596/0001193125-13-077112.txt,
49117,1142596,NUVASIVE INC,8-K,2013-03-18,edgar/data/1142596/0001193125-13-111300.txt,
58400,1179929,MOLINA HEALTHCARE INC,8-K,2013-02-07,edgar/data/1179929/0001157523-13-000603.txt,
58401,1179929,MOLINA HEALTHCARE INC,8-K,2013-02-11,edgar/data/1179929/0001157523-13-000646.txt,
58402,1179929,MOLINA HEALTHCARE INC,8-K,2013-02-11,edgar/data/1179929/0001157523-13-000647.txt,
58403,1179929,MOLINA HEALTHCARE INC,8-K,2013-02-12,edgar/data/1179929/0001157523-13-000682.txt,
58404,1179929,MOLINA HEALTHCARE INC,8-K,2013-02-15,edgar/data/1179929/0001193125-13-062890.txt,
58405,1179929,MOLINA HEALTHCARE INC,8-K,2013-02-21,edgar/data/1179929/0001193125-13-069292.txt,
58406,1179929,MOLINA HEALTHCARE INC,8-K,2013-03-11,edgar/data/1179929/0001193125-13-101028.txt,
79876,1237831,GLOBUS MEDICAL INC,8-K,2013-01-15,edgar/data/1237831/0001237831-13-000002.txt,
79877,1237831,GLOBUS MEDICAL INC,8-K,2013-01-28,edgar/data/1237831/0001237831-13-000004.txt,
79878,1237831,GLOBUS MEDICAL INC,8-K,2013-02-27,edgar/data/1237831/0001237831-13-000011.txt,
220909,3116,AKORN INC,8-K,2013-01-17,edgar/data/3116/0001157523-13-000164.txt,
220910,3116,AKORN INC,8-K,2013-02-26,edgar/data/3116/0001157523-13-001026.txt,
220911,3116,AKORN INC,8-K,2013-03-28,edgar/data/3116/0001157523-13-001595.txt,
237446,70318,TENET HEALTHCARE CORP,8-K,2013-01-22,edgar/data/70318/0001104659-13-003836.txt,
237447,70318,TENET HEALTHCARE CORP,8-K,2013-01-29,edgar/data/70318/0001104659-13-005553.txt,
237448,70318,TENET HEALTHCARE CORP,8-K,2013-02-05,edgar/data/70318/0001104659-13-007576.txt,
237449,70318,TENET HEALTHCARE CORP,8-K,2013-02-26,edgar/data/70318/0001104659-13-014112.txt,
252650,785161,HEALTHSOUTH CORP,8-K,2013-01-07,edgar/data/785161/0000785161-13-000003.txt,
252651,785161,HEALTHSOUTH CORP,8-K,2013-01-29,edgar/data/785161/0000785161-13-000006.txt,
252652,785161,HEALTHSOUTH CORP,8-K,2013-02-19,edgar/data/785161/0000785161-13-000009.txt,
252653,785161,HEALTHSOUTH CORP,8-K,2013-02-20,edgar/data/785161/0000785161-13-000016.txt,
252654,785161,HEALTHSOUTH CORP,8-K,2013-02-27,edgar/data/785161/0000785161-13-000020.txt,
252655,785161,HEALTHSOUTH CORP,8-K,2013-03-05,edgar/data/785161/0000785161-13-000022.txt,
255981,799729,PAREXEL INTERNATIONAL CORP,8-K,2013-01-28,edgar/data/799729/0000799729-13-000002.txt,
255982,799729,PAREXEL INTERNATIONAL CORP,8-K,2013-01-30,edgar/data/799729/0000799729-13-000004.txt,
255983,799729,PAREXEL INTERNATIONAL CORP,8-K,2013-02-25,edgar/data/799729/0000799729-13-000011.txt,
255984,799729,PAREXEL INTERNATIONAL CORP,8-K,2013-03-19,edgar/data/799729/0000799729-13-000016.txt,
255985,799729,PAREXEL INTERNATIONAL CORP,8-K,2013-03-28,edgar/data/799729/0000799729-13-000018.txt,
260876,815094,ABIOMED INC,8-K,2013-02-05,edgar/data/815094/0001193125-13-038871.txt,
260877,815094,ABIOMED INC,8-K,2013-02-06,edgar/data/815094/0001193125-13-040078.txt,
260878,815094,ABIOMED INC,8-K,2013-02-20,edgar/data/815094/0001193125-13-067205.txt,
300556,943819,RESMED INC,8-K,2013-01-24,edgar/data/943819/0001193125-13-022199.txt,
300557,943819,RESMED INC,8-K,2013-02-26,edgar/data/943819/0001193125-13-076186.txt,
302800,96943,TELEFLEX INC,8-K,2013-02-21,edgar/data/96943/0001193125-13-068216.txt,
302801,96943,TELEFLEX INC,8-K,2013-02-21,edgar/data/96943/0001193125-13-068460.txt,
302802,96943,TELEFLEX INC,8-K,2013-02-26,edgar/data/96943/0001299933-13-000382.txt,
19031,105770,WEST PHARMACEUTICAL SERVICES INC,8-K,2013-05-02,edgar/data/105770/0000105770-13-000013.txt,
19032,105770,WEST PHARMACEUTICAL SERVICES INC,8-K,2013-05-08,edgar/data/105770/0000105770-13-000021.txt,
19033,105770,WEST PHARMACEUTICAL SERVICES INC,8-K,2013-05-15,edgar/data/105770/0000105770-13-000024.txt,
19034,105770,WEST PHARMACEUTICAL SERVICES INC,8-K,2013-05-22,edgar/data/105770/0000105770-13-000027.txt,
19035,105770,WEST PHARMACEUTICAL SERVICES INC,8-K,2013-06-04,edgar/data/105770/0000105770-13-000029.txt,
30022,1097149,ALIGN TECHNOLOGY INC,8-K,2013-04-18,edgar/data/1097149/0001102624-13-000464.txt,
30023,1097149,ALIGN TECHNOLOGY INC,8-K,2013-05-21,edgar/data/1097149/0001097149-13-000019.txt,
42098,1142596,NUVASIVE INC,8-K,2013-04-30,edgar/data/1142596/0001193125-13-187834.txt,
42099,1142596,NUVASIVE INC,8-K,2013-05-29,edgar/data/1142596/0001193125-13-239412.txt,
42100,1142596,NUVASIVE INC,8-K,2013-06-12,edgar/data/1142596/0001193125-13-255336.txt,
42101,1142596,NUVASIVE INC,8-K,2013-06-24,edgar/data/1142596/0001193125-13-268254.txt,
50374,1179929,MOLINA HEALTHCARE INC,8-K,2013-04-25,edgar/data/1179929/0001157523-13-002041.txt,
50375,1179929,MOLINA HEALTHCARE INC,8-K,2013-05-06,edgar/data/1179929/0001193125-13-201557.txt,
50376,1179929,MOLINA HEALTHCARE INC,8-K,2013-06-14,edgar/data/1179929/0001193125-13-259609.txt,
50377,1179929,MOLINA HEALTHCARE INC,8-K,2013-06-17,edgar/data/1179929/0001157523-13-003082.txt,
68252,1237831,GLOBUS MEDICAL INC,8-K,2013-05-02,edgar/data/1237831/0001237831-13-000024.txt,
68253,1237831,GLOBUS MEDICAL INC,8-K,2013-06-10,edgar/data/1237831/0001237831-13-000028.txt,
68254,1237831,GLOBUS MEDICAL INC,8-K,2013-06-17,edgar/data/1237831/0001237831-13-000037.txt,
190778,3116,AKORN INC,8-K,2013-05-07,edgar/data/3116/0001157523-13-002422.txt,
203463,70318,TENET HEALTHCARE CORP,8-K,2013-04-30,edgar/data/70318/0001104659-13-034774.txt,
203464,70318,TENET HEALTHCARE CORP,8-K,2013-05-06,edgar/data/70318/0001104659-13-037677.txt,
203465,70318,TENET HEALTHCARE CORP,8-K,2013-05-15,edgar/data/70318/0001104659-13-042023.txt,
203466,70318,TENET HEALTHCARE CORP,8-K,2013-05-31,edgar/data/70318/0001104659-13-046154.txt,
203467,70318,TENET HEALTHCARE CORP,8-K,2013-06-14,edgar/data/70318/0001104659-13-049462.txt,
203468,70318,TENET HEALTHCARE CORP,8-K,2013-06-24,edgar/data/70318/0001193125-13-268199.txt,
203469,70318,TENET HEALTHCARE CORP,8-K,2013-06-24,edgar/data/70318/0001193125-13-268224.txt,
215966,785161,HEALTHSOUTH CORP,8-K,2013-04-25,edgar/data/785161/0000785161-13-000026.txt,
215967,785161,HEALTHSOUTH CORP,8-K,2013-05-02,edgar/data/785161/0000785161-13-000030.txt,
215968,785161,HEALTHSOUTH CORP,8-K,2013-05-17,edgar/data/785161/0000785161-13-000033.txt,
215969,785161,HEALTHSOUTH CORP,8-K,2013-06-11,edgar/data/785161/0000785161-13-000036.txt,
215970,785161,HEALTHSOUTH CORP,8-K,2013-06-18,edgar/data/785161/0000785161-13-000039.txt,
218467,799729,PAREXEL INTERNATIONAL CORP,8-K,2013-05-01,edgar/data/799729/0000799729-13-000020.txt,
218468,799729,PAREXEL INTERNATIONAL CORP,8-K,2013-06-14,edgar/data/799729/0000799729-13-000025.txt,
222201,815094,ABIOMED INC,8-K,2013-04-17,edgar/data/815094/0001193125-13-157749.txt,
222202,815094,ABIOMED INC,8-K,2013-05-02,edgar/data/815094/0001193125-13-194144.txt,
222203,815094,ABIOMED INC,8-K,2013-05-20,edgar/data/815094/0001193125-13-227872.txt,
222204,815094,ABIOMED INC,8-K,2013-06-24,edgar/data/815094/0001193125-13-268158.txt,
255106,943819,RESMED INC,8-K,2013-04-25,edgar/data/943819/0001193125-13-173674.txt,
257003,96943,TELEFLEX INC,8-K,2013-04-30,edgar/data/96943/0001193125-13-184339.txt,
257004,96943,TELEFLEX INC,8-K,2013-04-30,edgar/data/96943/0001193125-13-184835.txt,
257005,96943,TELEFLEX INC,8-K,2013-05-09,edgar/data/96943/0001193125-13-211316.txt,
14470,105770,WEST PHARMACEUTICAL SERVICES INC,8-K,2013-08-01,edgar/data/105770/0000105770-13-000038.txt,
14471,105770,WEST PHARMACEUTICAL SERVICES INC,8-K,2013-08-26,edgar/data/105770/0000105770-13-000045.txt,
14472,105770,WEST PHARMACEUTICAL SERVICES INC,8-K,2013-09-11,edgar/data/105770/0000105770-13-000048.txt,
22481,1097149,ALIGN TECHNOLOGY INC,8-K,2013-07-18,edgar/data/1097149/0001097149-13-000023.txt,
22482,1097149,ALIGN TECHNOLOGY INC,8-K,2013-07-18,edgar/data/1097149/0001102624-13-000824.txt,
22483,1097149,ALIGN TECHNOLOGY INC,8-K,2013-07-30,edgar/data/1097149/0001097149-13-000025.txt,
22484,1097149,ALIGN TECHNOLOGY INC,8-K,2013-08-05,edgar/data/1097149/0001097149-13-000039.txt,
32312,1142596,NUVASIVE INC,8-K,2013-07-30,edgar/data/1142596/0001193125-13-310336.txt,
39460,1179929,MOLINA HEALTHCARE INC,8-K,2013-07-03,edgar/data/1179929/0001157523-13-003251.txt,
39461,1179929,MOLINA HEALTHCARE INC,8-K,2013-07-24,edgar/data/1179929/0001193125-13-300507.txt,
39462,1179929,MOLINA HEALTHCARE INC,8-K,2013-07-25,edgar/data/1179929/0001157523-13-003589.txt,
39463,1179929,MOLINA HEALTHCARE INC,8-K,2013-07-29,edgar/data/1179929/0001157523-13-003643.txt,
39464,1179929,MOLINA HEALTHCARE INC,8-K,2013-08-01,edgar/data/1179929/0001193125-13-315029.txt,
39465,1179929,MOLINA HEALTHCARE INC,8-K,2013-09-13,edgar/data/1179929/0001157523-13-004399.txt,
39466,1179929,MOLINA HEALTHCARE INC,8-K,2013-09-19,edgar/data/1179929/0001193125-13-371721.txt,
39467,1179929,MOLINA HEALTHCARE INC,8-K,2013-09-24,edgar/data/1179929/0001193125-13-375354.txt,
52165,1237831,GLOBUS MEDICAL INC,8-K,2013-08-01,edgar/data/1237831/0001237831-13-000040.txt,
160090,3116,AKORN INC,8-K,2013-08-06,edgar/data/3116/0001157523-13-003877.txt,
160091,3116,AKORN INC,8-K,2013-08-27,edgar/data/3116/0001157523-13-004256.txt,
160092,3116,AKORN INC,8-K,2013-08-28,edgar/data/3116/0001157523-13-004264.txt,
170144,70318,TENET HEALTHCARE CORP,8-K,2013-08-06,edgar/data/70318/0001104659-13-060113.txt,
170145,70318,TENET HEALTHCARE CORP,8-K,2013-09-06,edgar/data/70318/0001104659-13-068461.txt,
170146,70318,TENET HEALTHCARE CORP,8-K,2013-09-09,edgar/data/70318/0001104659-13-068572.txt,
170147,70318,TENET HEALTHCARE CORP,8-K,2013-09-13,edgar/data/70318/0001104659-13-069907.txt,
179979,785161,HEALTHSOUTH CORP,8-K,2013-07-25,edgar/data/785161/0000785161-13-000041.txt,
179980,785161,HEALTHSOUTH CORP,8-K,2013-08-12,edgar/data/785161/0000785161-13-000048.txt,
179981,785161,HEALTHSOUTH CORP,8-K,2013-09-09,edgar/data/785161/0000785161-13-000051.txt,
182147,799729,PAREXEL INTERNATIONAL CORP,8-K,2013-07-01,edgar/data/799729/0000799729-13-000029.txt,
182148,799729,PAREXEL INTERNATIONAL CORP,8-K,2013-07-31,edgar/data/799729/0000799729-13-000031.txt,
182149,799729,PAREXEL INTERNATIONAL CORP,8-K,2013-08-08,edgar/data/799729/0000799729-13-000033.txt,
182150,799729,PAREXEL INTERNATIONAL CORP,8-K,2013-09-17,edgar/data/799729/0000799729-13-000040.txt,
185382,815094,ABIOMED INC,8-K,2013-07-25,edgar/data/815094/0001193125-13-302753.txt,
185383,815094,ABIOMED INC,8-K,2013-08-01,edgar/data/815094/0001193125-13-313921.txt,
185384,815094,ABIOMED INC,8-K,2013-08-06,edgar/data/815094/0001193125-13-321719.txt,
185385,815094,ABIOMED INC,8-K,2013-08-20,edgar/data/815094/0001193125-13-340886.txt,
185386,815094,ABIOMED INC,8-K,2013-09-23,edgar/data/815094/0001193125-13-374518.txt,
211268,943819,RESMED INC,8-K,2013-08-01,edgar/data/943819/0001193125-13-315025.txt,
212646,96943,TELEFLEX INC,8-K,2013-07-22,edgar/data/96943/0001193125-13-296673.txt,
212647,96943,TELEFLEX INC,8-K,2013-07-31,edgar/data/96943/0001193125-13-311438.txt,
212648,96943,TELEFLEX INC,8-K,2013-07-31,edgar/data/96943/0001193125-13-311678.txt,
14830,105770,WEST PHARMACEUTICAL SERVICES INC,8-K,2013-10-31,edgar/data/105770/0000105770-13-000050.txt,
23029,1097149,ALIGN TECHNOLOGY INC,8-K,2013-10-17,edgar/data/1097149/0001102624-13-001252.txt,
23030,1097149,ALIGN TECHNOLOGY INC,8-K,2013-10-28,edgar/data/1097149/0001097149-13-000042.txt,
32791,1142596,NUVASIVE INC,8-K,2013-10-29,edgar/data/1142596/0001193125-13-416088.txt,
32792,1142596,NUVASIVE INC,8-K,2013-12-04,edgar/data/1142596/0001193125-13-461434.txt,
38839,1179929,MOLINA HEALTHCARE INC,8-K,2013-10-03,edgar/data/1179929/0001157523-13-004617.txt,
38840,1179929,MOLINA HEALTHCARE INC,8-K,2013-10-24,edgar/data/1179929/0001193125-13-408655.txt,
38841,1179929,MOLINA HEALTHCARE INC,8-K,2013-10-30,edgar/data/1179929/0001157523-13-005128.txt,
38842,1179929,MOLINA HEALTHCARE INC,8-K,2013-11-06,edgar/data/1179929/0001193125-13-430189.txt,
53072,1237831,GLOBUS MEDICAL INC,8-K,2013-10-15,edgar/data/1237831/0001237831-13-000046.txt,
53073,1237831,GLOBUS MEDICAL INC,8-K,2013-10-30,edgar/data/1237831/0001237831-13-000050.txt,
164291,3116,AKORN INC,8-K,2013-10-10,edgar/data/3116/0001157523-13-004686.txt,
164292,3116,AKORN INC,8-K,2013-10-11,edgar/data/3116/0001157523-13-004694.txt,
164293,3116,AKORN INC,8-K,2013-10-29,edgar/data/3116/0001157523-13-005014.txt,
164294,3116,AKORN INC,8-K,2013-11-05,edgar/data/3116/0001157523-13-005273.txt,
164295,3116,AKORN INC,8-K,2013-11-15,edgar/data/3116/0001157523-13-005523.txt,
164296,3116,AKORN INC,8-K,2013-11-21,edgar/data/3116/0001157523-13-005602.txt,
174306,70318,TENET HEALTHCARE CORP,8-K,2013-10-01,edgar/data/70318/0001104659-13-073474.txt,
174307,70318,TENET HEALTHCARE CORP,8-K,2013-11-04,edgar/data/70318/0001104659-13-080603.txt,
183858,785161,HEALTHSOUTH CORP,8-K,2013-10-28,edgar/data/785161/0000785161-13-000053.txt,
183859,785161,HEALTHSOUTH CORP,8-K,2013-11-05,edgar/data/785161/0000785161-13-000059.txt,
183860,785161,HEALTHSOUTH CORP,8-K,2013-11-13,edgar/data/785161/0000785161-13-000062.txt,
183861,785161,HEALTHSOUTH CORP,8-K,2013-11-19,edgar/data/785161/0000785161-13-000065.txt,
183862,785161,HEALTHSOUTH CORP,8-K,2013-11-19,edgar/data/785161/0000785161-13-000068.txt,
185909,799729,PAREXEL INTERNATIONAL CORP,8-K,2013-10-30,edgar/data/799729/0000799729-13-000042.txt,
185910,799729,PAREXEL INTERNATIONAL CORP,8-K,2013-12-11,edgar/data/799729/0000799729-13-000046.txt,
189105,815094,ABIOMED INC,8-K,2013-10-29,edgar/data/815094/0001193125-13-416126.txt,
189106,815094,ABIOMED INC,8-K,2013-10-30,edgar/data/815094/0001193125-13-418767.txt,
189107,815094,ABIOMED INC,8-K,2013-11-06,edgar/data/815094/0001193125-13-428975.txt,
214251,943819,RESMED INC,8-K,2013-10-24,edgar/data/943819/0001193125-13-409846.txt,
214252,943819,RESMED INC,8-K,2013-11-05,edgar/data/943819/0001193125-13-427776.txt,
214253,943819,RESMED INC,8-K,2013-11-19,edgar/data/943819/0001193125-13-446846.txt,
215888,96943,TELEFLEX INC,8-K,2013-10-30,edgar/data/96943/0001193125-13-416997.txt,
215889,96943,TELEFLEX INC,8-K,2013-10-30,edgar/data/96943/0001193125-13-417495.txt,
215890,96943,TELEFLEX INC,8-K,2013-11-01,edgar/data/96943/0001299933-13-001927.txt,
215891,96943,TELEFLEX INC,8-K,2013-12-17,edgar/data/96943/0001193125-13-475416.txt,
23181,105770,WEST PHARMACEUTICAL SERVICES INC,8-K,2014-02-20,edgar/data/105770/0000105770-14-000002.txt,
23182,105770,WEST PHARMACEUTICAL SERVICES INC,8-K,2014-03-13,edgar/data/105770/0000105770-14-000007.txt,
35229,1097149,ALIGN TECHNOLOGY INC,8-K,2014-01-30,edgar/data/1097149/0001102624-14-000131.txt,
35230,1097149,ALIGN TECHNOLOGY INC,8-K,2014-02-07,edgar/data/1097149/0001445305-14-000273.txt,
35231,1097149,ALIGN TECHNOLOGY INC,8-K,2014-03-04,edgar/data/1097149/0001445305-14-000847.txt,
48563,1142596,NUVASIVE INC,8-K,2014-01-15,edgar/data/1142596/0001193125-14-011441.txt,
48564,1142596,NUVASIVE INC,8-K,2014-03-03,edgar/data/1142596/0001193125-14-080434.txt,
57810,1179929,MOLINA HEALTHCARE INC,8-K,2014-01-14,edgar/data/1179929/0001193125-14-009999.txt,
57811,1179929,MOLINA HEALTHCARE INC,8-K,2014-01-22,edgar/data/1179929/0001193125-14-016643.txt,
57812,1179929,MOLINA HEALTHCARE INC,8-K,2014-02-05,edgar/data/1179929/0001157523-14-000424.txt,
57813,1179929,MOLINA HEALTHCARE INC,8-K,2014-02-10,edgar/data/1179929/0001157523-14-000526.txt,
57814,1179929,MOLINA HEALTHCARE INC,8-K,2014-02-13,edgar/data/1179929/0001193125-14-051442.txt,
57815,1179929,MOLINA HEALTHCARE INC,8-K,2014-03-24,edgar/data/1179929/0001193125-14-112544.txt,
78130,1237831,GLOBUS MEDICAL INC,8-K,2014-01-09,edgar/data/1237831/0001237831-14-000004.txt,
78131,1237831,GLOBUS MEDICAL INC,8-K,2014-01-14,edgar/data/1237831/0001237831-14-000006.txt,
78132,1237831,GLOBUS MEDICAL INC,8-K,2014-02-26,edgar/data/1237831/0001237831-14-000009.txt,
232279,3116,AKORN INC,8-K,2014-03-03,edgar/data/3116/0001157523-14-000907.txt,
247717,70318,TENET HEALTHCARE CORP,8-K,2014-01-13,edgar/data/70318/0001104659-14-001929.txt,
247718,70318,TENET HEALTHCARE CORP,8-K,2014-02-24,edgar/data/70318/0001104659-14-012749.txt,
247719,70318,TENET HEALTHCARE CORP,8-K,2014-03-05,edgar/data/70318/0001104659-14-016477.txt,
247720,70318,TENET HEALTHCARE CORP,8-K,2014-03-10,edgar/data/70318/0001104659-14-017997.txt,
262252,785161,HEALTHSOUTH CORP,8-K,2014-01-13,edgar/data/785161/0000785161-14-000003.txt,
262253,785161,HEALTHSOUTH CORP,8-K,2014-02-19,edgar/data/785161/0000785161-14-000009.txt,
262254,785161,HEALTHSOUTH CORP,8-K,2014-02-19,edgar/data/785161/0000785161-14-000011.txt,
262255,785161,HEALTHSOUTH CORP,8-K,2014-02-25,edgar/data/785161/0000785161-14-000016.txt,
265418,799729,PAREXEL INTERNATIONAL CORP,8-K,2014-01-13,edgar/data/799729/0000799729-14-000002.txt,
265419,799729,PAREXEL INTERNATIONAL CORP,8-K,2014-01-30,edgar/data/799729/0000799729-14-000004.txt,
270316,815094,ABIOMED INC,8-K,2014-01-30,edgar/data/815094/0001193125-14-027410.txt,
308657,943819,RESMED INC,8-K,2014-01-07,edgar/data/943819/0001193125-14-004287.txt,
308658,943819,RESMED INC,8-K,2014-01-23,edgar/data/943819/0001193125-14-018627.txt,
308659,943819,RESMED INC,8-K,2014-02-27,edgar/data/943819/0001193125-14-072273.txt,
310899,96943,TELEFLEX INC,8-K,2014-02-21,edgar/data/96943/0001193125-14-061679.txt,
310900,96943,TELEFLEX INC,8-K,2014-02-21,edgar/data/96943/0001193125-14-061828.txt,
310901,96943,TELEFLEX INC,8-K,2014-02-25,edgar/data/96943/0001299933-14-000302.txt,
17729,105770,WEST PHARMACEUTICAL SERVICES INC,8-K,2014-04-08,edgar/data/105770/0000105770-14-000009.txt,
17730,105770,WEST PHARMACEUTICAL SERVICES INC,8-K,2014-05-01,edgar/data/105770/0000105770-14-000011.txt,
17731,105770,WEST PHARMACEUTICAL SERVICES INC,8-K,2014-05-13,edgar/data/105770/0000105770-14-000018.txt,
17732,105770,WEST PHARMACEUTICAL SERVICES INC,8-K,2014-05-19,edgar/data/105770/0000105770-14-000021.txt,
17733,105770,WEST PHARMACEUTICAL SERVICES INC,8-K,2014-05-22,edgar/data/105770/0000105770-14-000023.txt,
17734,105770,WEST PHARMACEUTICAL SERVICES INC,8-K,2014-06-02,edgar/data/105770/0000105770-14-000025.txt,
27651,1097149,ALIGN TECHNOLOGY INC,8-K,2014-04-23,edgar/data/1097149/0001102624-14-000614.txt,
27652,1097149,ALIGN TECHNOLOGY INC,8-K,2014-04-29,edgar/data/1097149/0001102624-14-000650.txt,
27653,1097149,ALIGN TECHNOLOGY INC,8-K,2014-05-16,edgar/data/1097149/0001097149-14-000004.txt,
27654,1097149,ALIGN TECHNOLOGY INC,8-K,2014-05-30,edgar/data/1097149/0001102624-14-000879.txt,
38756,1142596,NUVASIVE INC,8-K,2014-04-04,edgar/data/1142596/0001193125-14-130555.txt,
38757,1142596,NUVASIVE INC,8-K,2014-04-29,edgar/data/1142596/0001193125-14-167413.txt,
38758,1142596,NUVASIVE INC,8-K,2014-04-29,edgar/data/1142596/0001193125-14-167421.txt,
38759,1142596,NUVASIVE INC,8-K,2014-05-15,edgar/data/1142596/0001193125-14-199909.txt,
38760,1142596,NUVASIVE INC,8-K,2014-05-19,edgar/data/1142596/0001193125-14-204803.txt,
46364,1179929,MOLINA HEALTHCARE INC,8-K,2014-05-01,edgar/data/1179929/0001157523-14-001810.txt,
46365,1179929,MOLINA HEALTHCARE INC,8-K,2014-05-05,edgar/data/1179929/0001193125-14-182598.txt,
46366,1179929,MOLINA HEALTHCARE INC,8-K,2014-06-24,edgar/data/1179929/0001193125-14-246242.txt,
62851,1237831,GLOBUS MEDICAL INC,8-K,2014-04-29,edgar/data/1237831/0001237831-14-000020.txt,
62852,1237831,GLOBUS MEDICAL INC,8-K,2014-06-11,edgar/data/1237831/0001237831-14-000029.txt,
189646,3116,AKORN INC,8-K,2014-04-15,edgar/data/3116/0001157523-14-001401.txt,
189647,3116,AKORN INC,8-K,2014-04-16,edgar/data/3116/0001157523-14-001408.txt,
189648,3116,AKORN INC,8-K,2014-04-23,edgar/data/3116/0001157523-14-001478.txt,
189649,3116,AKORN INC,8-K,2014-05-06,edgar/data/3116/0001157523-14-001920.txt,
189650,3116,AKORN INC,8-K,2014-05-08,edgar/data/3116/0001157523-14-002047.txt,
189651,3116,AKORN INC,8-K,2014-05-09,edgar/data/3116/0001157523-14-002062.txt,
189652,3116,AKORN INC,8-K,2014-05-12,edgar/data/3116/0001157523-14-002083.txt,
189653,3116,AKORN INC,8-K,2014-06-20,edgar/data/3116/0001157523-14-002618.txt,
201176,70318,TENET HEALTHCARE CORP,8-K,2014-05-05,edgar/data/70318/0001104659-14-034681.txt,
201177,70318,TENET HEALTHCARE CORP,8-K,2014-05-09,edgar/data/70318/0001104659-14-037083.txt,
201178,70318,TENET HEALTHCARE CORP,8-K,2014-06-11,edgar/data/70318/0001104659-14-045384.txt,
201179,70318,TENET HEALTHCARE CORP,8-K,2014-06-25,edgar/data/70318/0001104659-14-048335.txt,
212975,785161,HEALTHSOUTH CORP,8-K,2014-04-25,edgar/data/785161/0000785161-14-000018.txt,
212976,785161,HEALTHSOUTH CORP,8-K,2014-04-28,edgar/data/785161/0000785161-14-000022.txt,
212977,785161,HEALTHSOUTH CORP,8-K,2014-05-01,edgar/data/785161/0000785161-14-000027.txt,
212978,785161,HEALTHSOUTH CORP,8-K,2014-05-12,edgar/data/785161/0000785161-14-000031.txt,
212979,785161,HEALTHSOUTH CORP,8-K,2014-06-02,edgar/data/785161/0000785161-14-000034.txt,
212980,785161,HEALTHSOUTH CORP,8-K,2014-06-17,edgar/data/785161/0000785161-14-000037.txt,
215415,799729,PAREXEL INTERNATIONAL CORP,8-K,2014-04-29,edgar/data/799729/0000799729-14-000009.txt,
215416,799729,PAREXEL INTERNATIONAL CORP,8-K,2014-06-18,edgar/data/799729/0000799729-14-000013.txt,
218978,815094,ABIOMED INC,8-K,2014-04-11,edgar/data/815094/0001193125-14-139521.txt,
218979,815094,ABIOMED INC,8-K,2014-05-01,edgar/data/815094/0001193125-14-174801.txt,
218980,815094,ABIOMED INC,8-K,2014-05-20,edgar/data/815094/0001193125-14-206532.txt,
218981,815094,ABIOMED INC,8-K,2014-06-11,edgar/data/815094/0001193125-14-232743.txt,
219223,817366,VCA INC,8-K,2014-06-05,edgar/data/817366/0001157523-14-002472.txt,
249916,943819,RESMED INC,8-K,2014-04-23,edgar/data/943819/0001193125-14-154749.txt,
249917,943819,RESMED INC,8-K,2014-04-28,edgar/data/943819/0001193125-14-162854.txt,
251860,96943,TELEFLEX INC,8-K,2014-04-02,edgar/data/96943/0001299933-14-000523.txt,
251861,96943,TELEFLEX INC,8-K,2014-04-30,edgar/data/96943/0001193125-14-168978.txt,
251862,96943,TELEFLEX INC,8-K,2014-04-30,edgar/data/96943/0001193125-14-170353.txt,
251863,96943,TELEFLEX INC,8-K,2014-05-08,edgar/data/96943/0001193125-14-189342.txt,
251864,96943,TELEFLEX INC,8-K,2014-05-16,edgar/data/96943/0001193125-14-202172.txt,
251865,96943,TELEFLEX INC,8-K,2014-05-16,edgar/data/96943/0001193125-14-203065.txt,
251866,96943,TELEFLEX INC,8-K,2014-05-22,edgar/data/96943/0001193125-14-209956.txt,
13195,105770,WEST PHARMACEUTICAL SERVICES INC,8-K,2014-07-17,edgar/data/105770/0000105770-14-000040.txt,
13196,105770,WEST PHARMACEUTICAL SERVICES INC,8-K,2014-07-31,edgar/data/105770/0000105770-14-000043.txt,
13197,105770,WEST PHARMACEUTICAL SERVICES INC,8-K,2014-08-05,edgar/data/105770/0000105770-14-000048.txt,
13198,105770,WEST PHARMACEUTICAL SERVICES INC,8-K,2014-08-15,edgar/data/105770/0000105770-14-000050.txt,
13199,105770,WEST PHARMACEUTICAL SERVICES INC,8-K,2014-09-09,edgar/data/105770/0000105770-14-000052.txt,
21131,1097149,ALIGN TECHNOLOGY INC,8-K,2014-07-24,edgar/data/1097149/0001144204-14-044691.txt,
30376,1142596,NUVASIVE INC,8-K,2014-07-29,edgar/data/1142596/0001193125-14-284706.txt,
30377,1142596,NUVASIVE INC,8-K,2014-08-04,edgar/data/1142596/0001193125-14-293598.txt,
36424,1179929,MOLINA HEALTHCARE INC,8-K,2014-07-30,edgar/data/1179929/0001157523-14-003130.txt,
36425,1179929,MOLINA HEALTHCARE INC,8-K,2014-08-08,edgar/data/1179929/0001157523-14-003423.txt,
36426,1179929,MOLINA HEALTHCARE INC,8-K,2014-08-12,edgar/data/1179929/0001157523-14-003450.txt,
36427,1179929,MOLINA HEALTHCARE INC,8-K,2014-09-05,edgar/data/1179929/0001193125-14-332891.txt,
36428,1179929,MOLINA HEALTHCARE INC,8-K,2014-09-08,edgar/data/1179929/0001193125-14-335636.txt,
36429,1179929,MOLINA HEALTHCARE INC,8-K,2014-09-12,edgar/data/1179929/0001193125-14-339671.txt,
36430,1179929,MOLINA HEALTHCARE INC,8-K,2014-09-17,edgar/data/1179929/0001193125-14-344509.txt,
36431,1179929,MOLINA HEALTHCARE INC,8-K,2014-09-18,edgar/data/1179929/0001193125-14-345616.txt,
47794,1237831,GLOBUS MEDICAL INC,8-K,2014-08-05,edgar/data/1237831/0001237831-14-000033.txt,
161593,3116,AKORN INC,8-K,2014-08-05,edgar/data/3116/0001171843-14-003705.txt,
161594,3116,AKORN INC,8-K,2014-08-12,edgar/data/3116/0001171843-14-003902.txt,
161595,3116,AKORN INC,8-K,2014-08-15,edgar/data/3116/0001171843-14-003990.txt,
161596,3116,AKORN INC,8-K,2014-09-12,edgar/data/3116/0001171843-14-004324.txt,
171112,70318,TENET HEALTHCARE CORP,8-K,2014-08-04,edgar/data/70318/0001104659-14-056401.txt,
171113,70318,TENET HEALTHCARE CORP,8-K,2014-09-24,edgar/data/70318/0001104659-14-068005.txt,
171114,70318,TENET HEALTHCARE CORP,8-K,2014-09-29,edgar/data/70318/0001104659-14-068990.txt,
180711,785161,HEALTHSOUTH CORP,8-K,2014-07-28,edgar/data/785161/0000785161-14-000040.txt,
180712,785161,HEALTHSOUTH CORP,8-K,2014-08-20,edgar/data/785161/0000785161-14-000046.txt,
180713,785161,HEALTHSOUTH CORP,8-K,2014-09-03,edgar/data/785161/0000785161-14-000049.txt,
180714,785161,HEALTHSOUTH CORP,8-K,2014-09-10,edgar/data/785161/0000785161-14-000052.txt,
180715,785161,HEALTHSOUTH CORP,8-K,2014-09-18,edgar/data/785161/0000785161-14-000055.txt,
180716,785161,HEALTHSOUTH CORP,8-K,2014-09-24,edgar/data/785161/0000785161-14-000058.txt,
182672,799729,PAREXEL INTERNATIONAL CORP,8-K,2014-08-07,edgar/data/799729/0000799729-14-000017.txt,
182673,799729,PAREXEL INTERNATIONAL CORP,8-K,2014-09-16,edgar/data/799729/0000799729-14-000022.txt,
185654,815094,ABIOMED INC,8-K,2014-07-07,edgar/data/815094/0001193125-14-261911.txt,
185655,815094,ABIOMED INC,8-K,2014-07-31,edgar/data/815094/0001193125-14-288311.txt,
185656,815094,ABIOMED INC,8-K,2014-08-19,edgar/data/815094/0001193125-14-314601.txt,
185839,817366,VCA INC,8-K,2014-07-24,edgar/data/817366/0001157523-14-002972.txt,
185840,817366,VCA INC,8-K,2014-08-28,edgar/data/817366/0001193125-14-325472.txt,
210446,943819,RESMED INC,8-K,2014-07-31,edgar/data/943819/0001193125-14-289605.txt,
211982,96943,TELEFLEX INC,8-K,2014-07-30,edgar/data/96943/0001193125-14-285664.txt,
211983,96943,TELEFLEX INC,8-K,2014-07-30,edgar/data/96943/0001193125-14-285879.txt,
14175,105770,WEST PHARMACEUTICAL SERVICES INC,8-K,2014-10-02,edgar/data/105770/0000105770-14-000055.txt,
14176,105770,WEST PHARMACEUTICAL SERVICES INC,8-K,2014-10-07,edgar/data/105770/0000105770-14-000058.txt,
14177,105770,WEST PHARMACEUTICAL SERVICES INC,8-K,2014-10-15,edgar/data/105770/0000105770-14-000060.txt,
14178,105770,WEST PHARMACEUTICAL SERVICES INC,8-K,2014-10-30,edgar/data/105770/0000105770-14-000062.txt,
14179,105770,WEST PHARMACEUTICAL SERVICES INC,8-K,2014-12-02,edgar/data/105770/0000105770-14-000068.txt,
22272,1097149,ALIGN TECHNOLOGY INC,8-K,2014-10-23,edgar/data/1097149/0001102624-14-001706.txt,
31760,1142596,NUVASIVE INC,8-K,2014-10-30,edgar/data/1142596/0001193125-14-389670.txt,
37763,1179929,MOLINA HEALTHCARE INC,8-K,2014-10-16,edgar/data/1179929/0001193125-14-373212.txt,
37764,1179929,MOLINA HEALTHCARE INC,8-K,2014-10-30,edgar/data/1179929/0001157523-14-004236.txt,
37765,1179929,MOLINA HEALTHCARE INC,8-K,2014-11-05,edgar/data/1179929/0001193125-14-398696.txt,
37766,1179929,MOLINA HEALTHCARE INC,8-K,2014-12-01,edgar/data/1179929/0001157523-14-004696.txt,
50983,1237831,GLOBUS MEDICAL INC,8-K,2014-10-24,edgar/data/1237831/0001237831-14-000044.txt,
50984,1237831,GLOBUS MEDICAL INC,8-K,2014-10-30,edgar/data/1237831/0001237831-14-000046.txt,
171240,3116,AKORN INC,8-K,2014-10-01,edgar/data/3116/0001171843-14-004566.txt,
171241,3116,AKORN INC,8-K,2014-11-06,edgar/data/3116/0001171843-14-005297.txt,
180941,70318,TENET HEALTHCARE CORP,8-K,2014-11-03,edgar/data/70318/0001104659-14-075982.txt,
180942,70318,TENET HEALTHCARE CORP,8-K,2014-12-04,edgar/data/70318/0001104659-14-084916.txt,
180943,70318,TENET HEALTHCARE CORP,8-K,2014-12-24,edgar/data/70318/0001104659-14-088856.txt,
189672,785161,HEALTHSOUTH CORP,8-K,2014-10-02,edgar/data/785161/0000785161-14-000061.txt,
189673,785161,HEALTHSOUTH CORP,8-K,2014-10-27,edgar/data/785161/0000785161-14-000064.txt,
189674,785161,HEALTHSOUTH CORP,8-K,2014-11-21,edgar/data/785161/0000785161-14-000069.txt,
189675,785161,HEALTHSOUTH CORP,8-K,2014-11-24,edgar/data/785161/0000785161-14-000071.txt,
189676,785161,HEALTHSOUTH CORP,8-K,2014-11-24,edgar/data/785161/0000785161-14-000073.txt,
189677,785161,HEALTHSOUTH CORP,8-K,2014-12-08,edgar/data/785161/0000785161-14-000075.txt,
189678,785161,HEALTHSOUTH CORP,8-K,2014-12-23,edgar/data/785161/0000785161-14-000078.txt,
191582,799729,PAREXEL INTERNATIONAL CORP,8-K,2014-10-21,edgar/data/799729/0000799729-14-000024.txt,
191583,799729,PAREXEL INTERNATIONAL CORP,8-K,2014-10-30,edgar/data/799729/0000799729-14-000026.txt,
191584,799729,PAREXEL INTERNATIONAL CORP,8-K,2014-12-09,edgar/data/799729/0000799729-14-000030.txt,
194503,815094,ABIOMED INC,8-K,2014-10-30,edgar/data/815094/0001193125-14-388462.txt,
194694,817366,VCA INC,8-K,2014-10-23,edgar/data/817366/0001157523-14-004043.txt,
218415,943819,RESMED INC,8-K,2014-10-23,edgar/data/943819/0001193125-14-380218.txt,
218416,943819,RESMED INC,8-K,2014-11-25,edgar/data/943819/0001193125-14-424919.txt,
220055,96943,TELEFLEX INC,8-K,2014-10-29,edgar/data/96943/0000096943-14-000045.txt,
220056,96943,TELEFLEX INC,8-K,2014-10-29,edgar/data/96943/0000096943-14-000046.txt,
12153,105770,WEST PHARMACEUTICAL SERVICES INC,8-K,2016-10-27,edgar/data/105770/0000105770-16-000099.txt,
12154,105770,WEST PHARMACEUTICAL SERVICES INC,8-K,2016-12-14,edgar/data/105770/0000105770-16-000104.txt,
18871,1097149,ALIGN TECHNOLOGY INC,8-K,2016-11-07,edgar/data/1097149/0001102624-16-003597.txt,
18872,1097149,ALIGN TECHNOLOGY INC,8-K,2016-11-07,edgar/data/1097149/0001102624-16-003598.txt,
18873,1097149,ALIGN TECHNOLOGY INC,8-K,2016-12-23,edgar/data/1097149/0001097149-16-000068.txt,
27167,1142596,NUVASIVE INC,8-K,2016-10-03,edgar/data/1142596/0001564590-16-025557.txt,
27168,1142596,NUVASIVE INC,8-K,2016-10-25,edgar/data/1142596/0001564590-16-026097.txt,
27169,1142596,NUVASIVE INC,8-K,2016-11-28,edgar/data/1142596/0001564590-16-029639.txt,
31605,1179929,MOLINA HEALTHCARE INC,8-K,2016-10-27,edgar/data/1179929/0001179929-16-000395.txt,
41424,1237831,GLOBUS MEDICAL INC,8-K,2016-11-08,edgar/data/1237831/0001237831-16-000107.txt,
152001,3116,AKORN INC,8-K,2016-11-03,edgar/data/3116/0001171843-16-012898.txt,
152002,3116,AKORN INC,8-K,2016-11-28,edgar/data/3116/0001171843-16-013391.txt,
152003,3116,AKORN INC,8-K,2016-12-12,edgar/data/3116/0001171843-16-013586.txt,
152004,3116,AKORN INC,8-K,2016-12-19,edgar/data/3116/0001171843-16-013705.txt,
160565,70318,TENET HEALTHCARE CORP,8-K,2016-10-03,edgar/data/70318/0001193125-16-728855.txt,
160566,70318,TENET HEALTHCARE CORP,8-K,2016-10-31,edgar/data/70318/0001193125-16-753550.txt,
160567,70318,TENET HEALTHCARE CORP,8-K,2016-11-04,edgar/data/70318/0001193125-16-759632.txt,
160568,70318,TENET HEALTHCARE CORP,8-K,2016-11-16,edgar/data/70318/0001193125-16-769384.txt,
160569,70318,TENET HEALTHCARE CORP,8-K,2016-11-17,edgar/data/70318/0001193125-16-770013.txt,
160570,70318,TENET HEALTHCARE CORP,8-K,2016-12-01,edgar/data/70318/0001193125-16-782572.txt,
169025,785161,HEALTHSOUTH CORP,8-K,2016-10-27,edgar/data/785161/0000785161-16-000146.txt,
169026,785161,HEALTHSOUTH CORP,8-K,2016-10-27,edgar/data/785161/0000785161-16-000148.txt,
169027,785161,HEALTHSOUTH CORP,8-K,2016-12-12,edgar/data/785161/0000785161-16-000153.txt,
170684,799729,PAREXEL INTERNATIONAL CORP,8-K,2016-10-26,edgar/data/799729/0000799729-16-000073.txt,
170685,799729,PAREXEL INTERNATIONAL CORP,8-K,2016-11-22,edgar/data/799729/0000799729-16-000082.txt,
170686,799729,PAREXEL INTERNATIONAL CORP,8-K,2016-12-14,edgar/data/799729/0000799729-16-000086.txt,
170687,799729,PAREXEL INTERNATIONAL CORP,8-K,2016-12-23,edgar/data/799729/0000799729-16-000088.txt,
173249,815094,ABIOMED INC,8-K,2016-10-27,edgar/data/815094/0001193125-16-748712.txt,
173250,815094,ABIOMED INC,8-K,2016-11-17,edgar/data/815094/0001193125-16-770995.txt,
173382,817366,VCA INC,8-K,2016-10-26,edgar/data/817366/0001171843-16-012626.txt,
194665,943819,RESMED INC,8-K,2016-10-25,edgar/data/943819/0001193125-16-746541.txt,
194666,943819,RESMED INC,8-K,2016-11-18,edgar/data/943819/0001193125-16-772096.txt,
195940,96943,TELEFLEX INC,8-K,2016-10-27,edgar/data/96943/0000096943-16-000254.txt,
195941,96943,TELEFLEX INC,8-K,2016-12-02,edgar/data/96943/0000096943-16-000261.txt,
195942,96943,TELEFLEX INC,8-K,2016-12-02,edgar/data/96943/0001193125-16-784035.txt,
195943,96943,TELEFLEX INC,8-K,2016-12-15,edgar/data/96943/0000096943-16-000263.txt,
