,Freq,Freq_pct
exhibit,14780,0.040190565278397164
item,11269,0.0306432665847265
result,10626,0.028894786647378094
releas,10563,0.02872347368306558
press,10364,0.028182342256110163
financi,9276,0.02522379455496699
compani,8689,0.023627592808118603
act,7743,0.02105517909002904
file,7349,0.019983793249725355
statement,6487,0.017639796817385818
quarter,5864,0.015945701948073137
report,5598,0.01522238054319806
secur,5521,0.015012998031260537
exchang,5291,0.014387569748849756
gaap,5172,0.014063978594037222
inform,4899,0.013321622415349642
end,4888,0.013291710627929996
condit,4518,0.012285586869269173
measur,4427,0.012038134809706646
section,4304,0.011703666641286968
form,3708,0.01008299161382251
date,3559,0.009677822856956394
refer,3499,0.009514667652849234
share,2866,0.007793380249518692
purpos,2572,0.0069939197493936065
non,2255,0.006131916421027442
includ,2129,0.005789290492402406
use,1894,0.005150265942982695
year,1880,0.0051121963953576904
incom,1858,0.005052372820518398
herein,1806,0.004910971643625526
copi,1745,0.00474509718611658
corpor,1689,0.004592818995616563
gener,1660,0.004513960646964769
cash,1654,0.0044976451265540535
period,1650,0.004486768112946909
hereto,1644,0.0044704525925361935
perform,1603,0.004358963203062967
incorpor,1586,0.004312735895232605
month,1574,0.004280104854411173
addit,1532,0.004165896211536161
cost,1512,0.004111511143500441
manag,1505,0.0040924763696879385
investor,1488,0.004046249061857576
busi,1446,0.003932040418982564
loss,1376,0.0037416926808575435
juli,1339,0.0036410803049914614
tax,1336,0.0036329225447861036
decemb,1314,0.0035730989699468115
regul,1275,0.003467048087277157
call,1243,0.003380031978420005
dilut,1226,0.003333804670589643
provid,1222,0.003322927656982499
product,1215,0.003303892883169997
march,1211,0.003293015869562853
registr,1207,0.0032821388559557086
stock,1203,0.0032712618423485647
april,1200,0.003263104082143207
time,1188,0.0032304730413217748
sale,1187,0.0032277537879199887
june,1178,0.0032032805073039148
contract,1157,0.0031461761858664087
octob,1151,0.0031298606654556927
segment,1144,0.0031108258916431905
septemb,1132,0.0030781948508217583
believ,1114,0.00302924828958961
accord,1093,0.002972143968152104
ebitda,1054,0.00286609308548245
effect,1037,0.0028198657776520876
februari,1014,0.00275732294941101
market,1002,0.0027246919085895777
contain,999,0.0027165341483842195
risk,982,0.0026703068405538577
asset,978,0.0026594298269467134
januari,957,0.0026023255055092074
materi,934,0.002539782677268129
confer,912,0.002479959102428837
base,910,0.0024745205956252653
price,905,0.0024609243286163353
futur,879,0.002390223740169899
flow,877,0.002384785233366327
otherwis,859,0.002335838672134179
chang,848,0.0023059268847145328
debt,839,0.002281453604098459
liabil,835,0.0022705765904913145
plan,827,0.0022488225632770267
impact,809,0.0021998760020448785
number,805,0.0021889989884377346
acquisit,789,0.0021454909340091585
calcul,782,0.0021264561601966564
charg,780,0.002121017653393084
disclosur,775,0.0021074213863841542
announc,773,0.0021019828795805825
factor,767,0.0020856673591698664
pursuant,765,0.0020802288523662942
compar,762,0.0020720710921609364
interest,760,0.0020666325853573642
amount,744,0.002023124530928788
term,736,0.0020013705037145
avail,728,0.001979616476500212
slide,719,0.0019551431958841382
account,716,0.00194698543567878
rate,715,0.0019442661822769941
attach,714,0.001941546928875208
fd,703,0.001911635141455562
supplement,698,0.001898038874446632
revenu,698,0.001898038874446632
adjust,687,0.001868127087026986
herewith,669,0.0018191805257948377
earn,663,0.0018028650053841218
continu,659,0.0017919879917769777
capit,654,0.0017783917247680477
regard,652,0.0017729532179644758
requir,649,0.0017647954577591177
news,636,0.0017294451635358995
part,630,0.0017131296431251836
limit,629,0.0017104103897233975
consid,626,0.0017022526295180395
project,614,0.0016696215886966076
director,606,0.0016478675614823193
issu,604,0.0016424290546787474
discuss,584,0.0015880439866430274
relat,576,0.0015662899594287392
agreement,572,0.0015554129458215952
credit,561,0.0015255011584019492
august,549,0.001492870117580517
document,533,0.001449362063151941
exclud,530,0.001441204302946583
impair,528,0.001435765796143011
expens,525,0.001427608035937653
event,524,0.0014248887825358669
amort,523,0.001422169529134081
specif,500,0.0013596267008930028
estim,498,0.0013541881940894308
note,492,0.0013378726736787147
websit,482,0.0013106801396608548
fund,477,0.0012970838726519248
respect,477,0.0012970838726519248
state,477,0.0012970838726519248
custom,464,0.0012617335784287065
defin,460,0.0012508565648215626
compens,457,0.0012426988046162046
activ,453,0.0012318217910090605
look,453,0.0012318217910090605
profit,452,0.0012291025376072746
differ,451,0.0012263832842054885
board,444,0.0012073485103929866
presid,441,0.0011991907501876285
ep,438,0.0011910329899822705
advers,435,0.0011828752297769125
restructur,417,0.0011339286685447644
descript,415,0.0011284901617411923
sec,414,0.0011257709083394064
com,412,0.0011203324015358342
languag,411,0.0011176131481340484
determin,411,0.0011176131481340484
net,408,0.0011094553879286903
financ,407,0.0011067361345269042
guidanc,398,0.0010822628539108304
unit,393,0.0010686665869019001
conditionon,391,0.0010632280800983282
gain,388,0.0010550703198929702
law,384,0.0010441933062858262
vehicl,384,0.0010441933062858262
www,384,0.0010441933062858262
abil,381,0.0010360355460804682
system,380,0.0010333162926786821
reconcili,379,0.001030597039276896
histor,373,0.0010142815188661802
access,372,0.001011562265464394
directli,369,0.001003404505259036
econom,358,0.00097349271783939
intang,355,0.000965334957634032
basi,349,0.000949019437223316
receiv,347,0.0009435809304197439
valu,340,0.0009245461566072419
titl,338,0.0009191076498036699
control,336,0.0009136691430000979
dividend,336,0.0009136691430000979
record,335,0.0009109498895983119
payment,334,0.0009082306361965259
level,332,0.0009027921293929538
margin,330,0.0008973536225893819
program,328,0.0008919151157858098
convers,320,0.0008701610885715218
meet,318,0.0008647225817679497
transcript,317,0.0008620033283661638
vice,316,0.0008592840749643778
similarli,315,0.0008565648215625918
budget,315,0.0008565648215625918
award,312,0.0008484070613572338
oper,312,0.0008484070613572338
instruct,311,0.0008456878079554478
group,308,0.0008375300477500898
complet,307,0.0008348107943483038
text,304,0.0008266530341429457
prepar,302,0.0008212145273393737
review,294,0.0007994605001250857
benefit,290,0.0007885834865179416
settlement,280,0.0007613909525000815
reduct,278,0.0007559524456965096
describ,274,0.0007450754320893656
hereof,274,0.0007450754320893656
matter,271,0.0007369176718840075
competit,268,0.0007287599116786495
analyst,268,0.0007287599116786495
outlook,266,0.0007233214048750776
anticip,266,0.0007233214048750776
webcast,265,0.0007206021514732915
data,264,0.0007178828980715055
acquir,264,0.0007178828980715055
comparison,264,0.0007178828980715055
facil,263,0.0007151636446697195
attribut,260,0.0007070058844643615
chief,259,0.0007042866310625755
mr,256,0.0006961288708572175
comput,255,0.0006934096174554315
princip,255,0.0006934096174554315
manufactur,253,0.0006879711106518594
quarterli,251,0.0006825326038482874
offic,250,0.0006798133504465014
vote,250,0.0006798133504465014
novemb,249,0.0006770940970447154
termin,245,0.0006662170834375714
goodwil,244,0.0006634978300357854
debentur,241,0.0006553400698304274
dealer,240,0.0006526208164286414
conflict,239,0.0006499015630268553
compon,239,0.0006499015630268553
reform,238,0.0006471823096250693
demand,236,0.0006417438028214973
import,231,0.0006281475358125673
outstand,231,0.0006281475358125673
order,229,0.0006227090290089953
plu,229,0.0006227090290089953
substitut,228,0.0006199897756072093
evalu,228,0.0006199897756072093
increas,225,0.0006118320154018512
ga,221,0.0006009550017947072
industri,219,0.0005955164949911352
convert,217,0.0005900779881875632
disclos,217,0.0005900779881875632
miner,216,0.0005873587347857772
method,216,0.0005873587347857772
liquid,213,0.0005792009745804192
depreci,211,0.0005737624677768472
posit,210,0.0005710432143750611
option,210,0.0005710432143750611
author,207,0.0005628854541697032
deriv,206,0.0005601662007679171
provis,205,0.0005574469473661311
dollar,205,0.0005574469473661311
defens,204,0.0005547276939643452
purport,202,0.0005492891871607731
identifi,201,0.0005465699337589871
target,200,0.0005438506803572012
ratio,197,0.0005356929201518431
privat,197,0.0005356929201518431
competitor,192,0.0005220966531429131
currenc,192,0.0005220966531429131
rule,188,0.0005112196395357691
signific,188,0.0005112196395357691
connect,187,0.000508500386133983
transact,185,0.0005030618793304111
incent,185,0.0005030618793304111
restrict,182,0.000494904119125053
expressli,181,0.0004921848657232671
potenti,178,0.000484027105517909
oblig,178,0.000484027105517909
construct,178,0.000484027105517909
therein,176,0.000478588598714337
parti,175,0.000475869345312551
supplier,174,0.000473150091910765
core,174,0.000473150091910765
trend,174,0.000473150091910765
involv,174,0.000473150091910765
sever,174,0.000473150091910765
associ,173,0.000470430838508979
herebi,172,0.00046771158510719294
design,169,0.00045955382490183496
subsequ,169,0.00045955382490183496
reason,169,0.00045955382490183496
forth,169,0.00045955382490183496
appoint,167,0.00045411531809826295
countri,164,0.0004459575578929049
action,164,0.0004459575578929049
purchas,163,0.00044323830449111894
thing,163,0.00044323830449111894
growth,162,0.0004405190510893329
oil,162,0.0004405190510893329
ongo,161,0.00043779979768754693
feder,160,0.0004350805442857609
fee,159,0.00043236129088397487
trade,159,0.00043236129088397487
assum,158,0.0004296420374821889
execut,156,0.0004242035306786169
reserv,156,0.0004242035306786169
strategi,156,0.0004242035306786169
equip,155,0.00042148427727683085
pay,154,0.0004187650238750449
equiti,153,0.00041604577047325885
process,153,0.00041604577047325885
furthermor,152,0.00041332651707147287
success,152,0.00041332651707147287
regulatori,151,0.00041060726366968684
repres,151,0.00041060726366968684
subsidiari,151,0.00041060726366968684
name,150,0.00040788801026790086
recoveri,146,0.00039701099666075685
committe,146,0.00039701099666075685
develop,144,0.0003915724898571848
mani,144,0.0003915724898571848
grant,144,0.0003915724898571848
delay,143,0.0003888532364553988
http,142,0.0003861339830536128
retir,140,0.0003806954762500408
commiss,140,0.0003806954762500408
accompani,139,0.0003779762228482548
litig,139,0.0003779762228482548
fact,138,0.00037525696944646877
portion,138,0.00037525696944646877
disclaim,136,0.00036981846264289676
concern,136,0.00036981846264289676
propos,136,0.00036981846264289676
assess,135,0.0003670992092411108
carri,135,0.0003670992092411108
revis,134,0.00036437995583932475
schedul,133,0.0003616607024375388
health,133,0.0003616607024375388
reduc,133,0.0003616607024375388
research,133,0.0003616607024375388
audit,132,0.00035894144903575275
site,132,0.00035894144903575275
insur,130,0.00035350294223218074
preliminari,128,0.00034806443542860873
place,128,0.00034806443542860873
reflect,127,0.0003453451820268227
distribut,126,0.0003426259286250367
circumst,126,0.0003426259286250367
script,126,0.0003426259286250367
deem,126,0.0003426259286250367
realiz,125,0.0003399066752232507
structur,124,0.0003371874218214647
work,124,0.0003371874218214647
variou,124,0.0003371874218214647
arrang,124,0.0003371874218214647
speak,123,0.0003344681684196787
care,123,0.0003344681684196787
return,122,0.0003317489150178927
govern,121,0.0003290296616161067
economi,120,0.0003263104082143207
ad,120,0.0003263104082143207
packag,120,0.0003263104082143207
recur,120,0.0003263104082143207
dod,119,0.00032359115481253467
pre,119,0.00032359115481253467
correspond,118,0.00032087190141074864
locat,118,0.00032087190141074864
post,117,0.00031815264800896266
howev,117,0.00031815264800896266
reconcil,117,0.00031815264800896266
support,117,0.00031815264800896266
assumpt,116,0.00031543339460717663
none,116,0.00031543339460717663
dispos,115,0.00031271414120539066
word,114,0.0003099948878036046
properti,114,0.0003099948878036046
unaudit,114,0.0003099948878036046
alloc,113,0.00030727563440181865
detail,113,0.00030727563440181865
holder,113,0.00030727563440181865
manner,113,0.00030727563440181865
amend,112,0.0003045563810000326
accordingli,111,0.00030183712759824664
remeasur,111,0.00030183712759824664
publicli,111,0.00030183712759824664
present,111,0.00030183712759824664
workforc,111,0.00030183712759824664
sheet,110,0.0002991178741964606
repurchas,110,0.0002991178741964606
capac,110,0.0002991178741964606
restat,110,0.0002991178741964606
leverag,109,0.00029639862079467464
contribut,109,0.00029639862079467464
relationship,109,0.00029639862079467464
personnel,108,0.0002936793673928886
day,108,0.0002936793673928886
guarante,108,0.0002936793673928886
ii,108,0.0002936793673928886
extent,108,0.0002936793673928886
web,107,0.00029096011399110263
internet,106,0.0002882408605893166
behalf,105,0.00028552160718753057
address,105,0.00028552160718753057
servic,105,0.00028552160718753057
class,105,0.00028552160718753057
forward,105,0.00028552160718753057
network,105,0.00028552160718753057
divid,105,0.00028552160718753057
conduct,105,0.00028552160718753057
employe,104,0.0002828023537857446
approxim,104,0.0002828023537857446
expenditur,104,0.0002828023537857446
incur,103,0.00028008310038395856
isol,102,0.0002773638469821726
typic,102,0.0002773638469821726
particip,102,0.0002773638469821726
resourc,102,0.0002773638469821726
harbor,102,0.0002773638469821726
express,102,0.0002773638469821726
weather,102,0.0002773638469821726
question,101,0.00027464459358038655
relianc,101,0.00027464459358038655
replay,101,0.00027464459358038655
earli,101,0.00027464459358038655
ventur,101,0.00027464459358038655
declin,100,0.0002719253401786006
cautionari,100,0.0002719253401786006
agenc,100,0.0002719253401786006
sourc,100,0.0002719253401786006
assur,100,0.0002719253401786006
becom,99,0.00026920608677681455
intent,99,0.00026920608677681455
truck,98,0.00026648683337502857
recogn,97,0.00026376757997324254
averag,97,0.00026376757997324254
highli,96,0.00026104832657145656
chairman,96,0.00026104832657145656
hold,96,0.00026104832657145656
remark,95,0.00025832907316967053
plant,94,0.00025560981976788455
test,93,0.0002528905663660985
function,92,0.0002501713129643125
approv,92,0.0002501713129643125
wheel,92,0.0002501713129643125
payabl,92,0.0002501713129643125
government,91,0.0002474520595625265
origin,91,0.0002474520595625265
case,90,0.0002447328061607405
therefor,90,0.0002447328061607405
primarili,90,0.0002447328061607405
consist,89,0.0002420135527589545
bank,88,0.0002392942993571685
uncertainti,88,0.0002392942993571685
goal,88,0.0002392942993571685
employ,87,0.0002365750459553825
significantli,87,0.0002365750459553825
belief,87,0.0002365750459553825
serv,86,0.00023385579255359647
index,86,0.00023385579255359647
referenc,86,0.00023385579255359647
enter,85,0.00023113653915181047
technolog,85,0.00023113653915181047
administr,85,0.00023113653915181047
size,85,0.00023113653915181047
caution,85,0.00023113653915181047
export,84,0.00022841728575002446
instrument,84,0.00022841728575002446
disposit,84,0.00022841728575002446
answer,83,0.00022569803234823846
broadcast,83,0.00022569803234823846
balanc,82,0.00022297877894645246
divestitur,82,0.00022297877894645246
coven,81,0.00022025952554466645
decis,81,0.00022025952554466645
fire,81,0.00022025952554466645
qualifi,81,0.00022025952554466645
effort,81,0.00022025952554466645
polit,80,0.00021754027214288045
elect,80,0.00021754027214288045
commod,80,0.00021754027214288045
combin,80,0.00021754027214288045
predict,80,0.00021754027214288045
achiev,80,0.00021754027214288045
session,80,0.00021754027214288045
profession,79,0.00021482101874109445
sum,79,0.00021482101874109445
cfo,79,0.00021482101874109445
fix,79,0.00021482101874109445
entireti,79,0.00021482101874109445
commun,79,0.00021482101874109445
definit,79,0.00021482101874109445
natur,79,0.00021482101874109445
complianc,78,0.00021210176533930844
togeth,78,0.00021210176533930844
forecast,78,0.00021210176533930844
iv,77,0.00020938251193752244
proxi,77,0.00020938251193752244
enterpris,77,0.00020938251193752244
consult,77,0.00020938251193752244
duti,76,0.00020666325853573644
progress,76,0.00020666325853573644
person,76,0.00020666325853573644
iii,76,0.00020666325853573644
energi,76,0.00020666325853573644
abl,75,0.00020394400513395043
resolut,75,0.00020394400513395043
sign,75,0.00020394400513395043
page,75,0.00020394400513395043
consequ,74,0.00020122475173216443
congo,74,0.00020122475173216443
residenti,74,0.00020122475173216443
shell,74,0.00020122475173216443
ffo,74,0.00020122475173216443
understand,74,0.00020122475173216443
indefinit,74,0.00020122475173216443
pressur,74,0.00020122475173216443
initi,74,0.00020122475173216443
start,74,0.00020122475173216443
move,73,0.00019850549833037842
individu,73,0.00019850549833037842
exit,71,0.0001930669915268064
promulg,71,0.0001930669915268064
creat,71,0.0001930669915268064
sinc,71,0.0001930669915268064
depend,70,0.0001903477381250204
commentari,70,0.0001903477381250204
implement,70,0.0001903477381250204
terminolog,70,0.0001903477381250204
borrow,70,0.0001903477381250204
defer,69,0.00018762848472323438
compensatori,69,0.00018762848472323438
principl,69,0.00018762848472323438
strength,69,0.00018762848472323438
prolianc,68,0.00018490923132144838
america,68,0.00018490923132144838
claim,68,0.00018490923132144838
fluctuat,68,0.00018490923132144838
partnership,68,0.00018490923132144838
twelv,67,0.00018218997791966238
dilig,67,0.00018218997791966238
doubt,67,0.00018218997791966238
chain,67,0.00018218997791966238
mean,67,0.00018218997791966238
tabl,67,0.00018218997791966238
mark,67,0.00018218997791966238
host,67,0.00018218997791966238
offset,66,0.00017947072451787637
affili,66,0.00017947072451787637
intend,66,0.00017947072451787637
contractor,66,0.00017947072451787637
environment,65,0.00017675147111609037
previou,65,0.00017675147111609037
topic,65,0.00017675147111609037
cdi,64,0.00017403221771430437
climat,63,0.00017131296431251836
suppli,63,0.00017131296431251836
breach,63,0.00017131296431251836
mix,63,0.00017131296431251836
teleconfer,63,0.00017131296431251836
troop,63,0.00017131296431251836
geograph,62,0.00016859371091073236
begin,62,0.00016859371091073236
exercis,62,0.00016859371091073236
jltv,62,0.00016859371091073236
joint,62,0.00016859371091073236
adjoin,62,0.00016859371091073236
deliveri,61,0.00016587445750894635
analysi,61,0.00016587445750894635
inabl,61,0.00016587445750894635
respons,60,0.00016315520410716035
discount,59,0.00016043595070537432
polici,59,0.00016043595070537432
contempl,59,0.00016043595070537432
view,59,0.00016043595070537432
matur,58,0.00015771669730358832
steel,58,0.00015771669730358832
consolid,58,0.00015771669730358832
trademark,58,0.00015771669730358832
inc,58,0.00015771669730358832
rig,58,0.00015771669730358832
backlog,58,0.00015771669730358832
proce,58,0.00015771669730358832
pbp,57,0.0001549974439018023
commerci,57,0.0001549974439018023
deduct,57,0.0001549974439018023
suffici,56,0.0001522781905000163
list,56,0.0001522781905000163
replac,56,0.0001522781905000163
iraq,56,0.0001522781905000163
issuanc,56,0.0001522781905000163
offer,56,0.0001522781905000163
collect,56,0.0001522781905000163
firm,56,0.0001522781905000163
sharehold,55,0.0001495589370982303
leas,55,0.0001495589370982303
protest,55,0.0001495589370982303
region,55,0.0001495589370982303
primari,55,0.0001495589370982303
caus,55,0.0001495589370982303
partner,54,0.0001468396836964443
duli,54,0.0001468396836964443
store,54,0.0001468396836964443
rang,54,0.0001468396836964443
arm,53,0.0001441204302946583
appropri,53,0.0001441204302946583
member,53,0.0001441204302946583
help,53,0.0001441204302946583
total,53,0.0001441204302946583
hereunto,53,0.0001441204302946583
emerg,53,0.0001441204302946583
discontinu,53,0.0001441204302946583
gov,53,0.0001441204302946583
proceed,53,0.0001441204302946583
salari,52,0.0001414011768928723
larg,52,0.0001414011768928723
broker,52,0.0001414011768928723
integr,52,0.0001414011768928723
variabl,51,0.0001386819234910863
republ,51,0.0001386819234910863
coverag,51,0.0001386819234910863
nation,51,0.0001386819234910863
strateg,51,0.0001386819234910863
kcp,50,0.0001359626700893003
impli,50,0.0001359626700893003
democrat,50,0.0001359626700893003
violat,50,0.0001359626700893003
facilit,50,0.0001359626700893003
formula,50,0.0001359626700893003
relief,50,0.0001359626700893003
thereto,50,0.0001359626700893003
varieti,50,0.0001359626700893003
subject,50,0.0001359626700893003
infrequ,50,0.0001359626700893003
downturn,50,0.0001359626700893003
furnish,49,0.00013324341668751428
season,49,0.00013324341668751428
bylaw,49,0.00013324341668751428
denomin,49,0.00013324341668751428
costli,49,0.00013324341668751428
power,49,0.00013324341668751428
compet,49,0.00013324341668751428
analyz,48,0.00013052416328572828
assembl,48,0.00013052416328572828
treasur,48,0.00013052416328572828
decreas,48,0.00013052416328572828
issuer,48,0.00013052416328572828
letter,48,0.00013052416328572828
relev,48,0.00013052416328572828
hedg,48,0.00013052416328572828
cancel,48,0.00013052416328572828
fasb,48,0.00013052416328572828
mine,47,0.00012780490988394228
exist,47,0.00012780490988394228
prospect,47,0.00012780490988394228
thursday,47,0.00012780490988394228
solut,47,0.00012780490988394228
loan,47,0.00012780490988394228
today,46,0.00012508565648215625
excess,46,0.00012508565648215625
retain,46,0.00012508565648215625
reader,46,0.00012508565648215625
fulli,46,0.00012508565648215625
concret,46,0.00012508565648215625
code,46,0.00012508565648215625
lender,46,0.00012508565648215625
compli,45,0.00012236640308037024
permit,45,0.00012236640308037024
labor,45,0.00012236640308037024
opportun,45,0.00012236640308037024
mention,45,0.00012236640308037024
pension,45,0.00012236640308037024
premium,45,0.00012236640308037024
pleas,45,0.00012236640308037024
exhibitsitem,44,0.00011964714967858425
sell,44,0.00011964714967858425
portfolio,44,0.00011964714967858425
sequestr,44,0.00011964714967858425
thereof,44,0.00011964714967858425
select,44,0.00011964714967858425
timothi,44,0.00011964714967858425
receipt,44,0.00011964714967858425
institut,43,0.00011692789627679824
team,43,0.00011692789627679824
william,43,0.00011692789627679824
caption,43,0.00011692789627679824
vest,43,0.00011692789627679824
possibl,43,0.00011692789627679824
assist,42,0.00011420864287501223
ship,42,0.00011420864287501223
experienc,42,0.00011420864287501223
error,42,0.00011420864287501223
standard,42,0.00011420864287501223
meaning,41,0.00011148938947322623
gf,41,0.00011148938947322623
tender,41,0.00011148938947322623
merger,41,0.00011148938947322623
creditworthi,40,0.00010877013607144022
bonu,40,0.00010877013607144022
equival,40,0.00010877013607144022
transfer,40,0.00010877013607144022
indirectli,40,0.00010877013607144022
percent,40,0.00010877013607144022
jame,40,0.00010877013607144022
coal,39,0.00010605088266965422
hei,39,0.00010605088266965422
legisl,39,0.00010605088266965422
cycl,39,0.00010605088266965422
summari,39,0.00010605088266965422
volum,39,0.00010605088266965422
spend,39,0.00010605088266965422
request,39,0.00010605088266965422
particularli,39,0.00010605088266965422
exhibitsexhibit,39,0.00010605088266965422
seri,39,0.00010605088266965422
thene,38,0.00010333162926786822
toni,38,0.00010333162926786822
separ,38,0.00010333162926786822
sensit,38,0.00010333162926786822
environ,38,0.00010333162926786822
revers,38,0.00010333162926786822
comment,38,0.00010333162926786822
ms,38,0.00010333162926786822
insight,38,0.00010333162926786822
experi,38,0.00010333162926786822
transport,38,0.00010333162926786822
numer,37,0.00010061237586608221
refus,37,0.00010061237586608221
impos,37,0.00010061237586608221
rel,37,0.00010061237586608221
alleg,37,0.00010061237586608221
confidenti,37,0.00010061237586608221
judgment,37,0.00010061237586608221
telecommun,36,9.78931224642962e-05
regist,36,9.78931224642962e-05
thereund,36,9.78931224642962e-05
faith,36,9.78931224642962e-05
independ,36,9.78931224642962e-05
specifi,36,9.78931224642962e-05
treasuri,36,9.78931224642962e-05
forma,36,9.78931224642962e-05
cours,36,9.78931224642962e-05
jr,36,9.78931224642962e-05
expand,35,9.51738690625102e-05
abstain,35,9.51738690625102e-05
percentag,35,9.51738690625102e-05
invit,35,9.51738690625102e-05
repay,35,9.51738690625102e-05
outsid,35,9.51738690625102e-05
adequaci,35,9.51738690625102e-05
consider,35,9.51738690625102e-05
indentur,35,9.51738690625102e-05
occur,35,9.51738690625102e-05
differenti,35,9.51738690625102e-05
conform,35,9.51738690625102e-05
line,35,9.51738690625102e-05
necessarili,35,9.51738690625102e-05
increment,34,9.245461566072419e-05
militari,34,9.245461566072419e-05
entitl,34,9.245461566072419e-05
prescrib,34,9.245461566072419e-05
disrupt,34,9.245461566072419e-05
crimin,34,9.245461566072419e-05
seamicro,34,9.245461566072419e-05
wednesday,34,9.245461566072419e-05
safeti,34,9.245461566072419e-05
therebi,33,8.973536225893819e-05
issuabl,33,8.973536225893819e-05
condens,33,8.973536225893819e-05
comprehens,33,8.973536225893819e-05
outlin,33,8.973536225893819e-05
capabl,33,8.973536225893819e-05
electr,33,8.973536225893819e-05
instanc,33,8.973536225893819e-05
improv,33,8.973536225893819e-05
suspens,33,8.973536225893819e-05
lawsuit,33,8.973536225893819e-05
affect,33,8.973536225893819e-05
barg,32,8.701610885715218e-05
mcwhirter,32,8.701610885715218e-05
exposur,32,8.701610885715218e-05
fcpa,32,8.701610885715218e-05
rail,32,8.701610885715218e-05
railcar,32,8.701610885715218e-05
vi,32,8.701610885715218e-05
petit,32,8.701610885715218e-05
flexibl,32,8.701610885715218e-05
peck,32,8.701610885715218e-05
asc,32,8.701610885715218e-05
collater,32,8.701610885715218e-05
aluminum,32,8.701610885715218e-05
vulner,32,8.701610885715218e-05
sanction,32,8.701610885715218e-05
wallac,32,8.701610885715218e-05
illeg,32,8.701610885715218e-05
land,32,8.701610885715218e-05
inland,32,8.701610885715218e-05
barrier,32,8.701610885715218e-05
unfavor,32,8.701610885715218e-05
disput,32,8.701610885715218e-05
downgrad,32,8.701610885715218e-05
substanti,31,8.429685545536618e-05
john,31,8.429685545536618e-05
enabl,31,8.429685545536618e-05
hereund,31,8.429685545536618e-05
ltip,31,8.429685545536618e-05
gail,31,8.429685545536618e-05
valuat,31,8.429685545536618e-05
expropri,31,8.429685545536618e-05
qualiti,31,8.429685545536618e-05
aforement,31,8.429685545536618e-05
constraint,31,8.429685545536618e-05
basic,31,8.429685545536618e-05
consum,31,8.429685545536618e-05
resign,31,8.429685545536618e-05
indiana,31,8.429685545536618e-05
updat,30,8.157760205358018e-05
engin,30,8.157760205358018e-05
invest,30,8.157760205358018e-05
stockhold,30,8.157760205358018e-05
tcfbank,30,8.157760205358018e-05
divert,30,8.157760205358018e-05
cover,30,8.157760205358018e-05
municip,30,8.157760205358018e-05
transit,30,8.157760205358018e-05
aris,30,8.157760205358018e-05
dial,30,8.157760205358018e-05
anti,30,8.157760205358018e-05
commit,30,8.157760205358018e-05
delawar,30,8.157760205358018e-05
pertain,29,7.885834865179416e-05
correl,29,7.885834865179416e-05
affair,29,7.885834865179416e-05
mexico,29,7.885834865179416e-05
retent,29,7.885834865179416e-05
criteria,29,7.885834865179416e-05
inventori,29,7.885834865179416e-05
remov,28,7.613909525000815e-05
immedi,28,7.613909525000815e-05
expir,28,7.613909525000815e-05
failur,28,7.613909525000815e-05
difficulti,28,7.613909525000815e-05
articl,27,7.341984184822215e-05
settl,27,7.341984184822215e-05
week,27,7.341984184822215e-05
warrant,27,7.341984184822215e-05
area,27,7.341984184822215e-05
gather,27,7.341984184822215e-05
tradit,27,7.341984184822215e-05
age,27,7.341984184822215e-05
agent,26,7.070058844643615e-05
user,26,7.070058844643615e-05
shutdown,26,7.070058844643615e-05
distributor,26,7.070058844643615e-05
bid,26,7.070058844643615e-05
investig,26,7.070058844643615e-05
inclus,26,7.070058844643615e-05
pace,26,7.070058844643615e-05
depart,25,6.798133504465014e-05
sustain,25,6.798133504465014e-05
subtract,25,6.798133504465014e-05
explor,25,6.798133504465014e-05
york,25,6.798133504465014e-05
dissemin,25,6.798133504465014e-05
aggress,25,6.798133504465014e-05
electron,25,6.798133504465014e-05
magnitud,25,6.798133504465014e-05
inquiri,24,6.526208164286414e-05
cut,24,6.526208164286414e-05
maintain,24,6.526208164286414e-05
modifi,24,6.526208164286414e-05
recess,24,6.526208164286414e-05
reput,24,6.526208164286414e-05
conif,24,6.526208164286414e-05
multipl,24,6.526208164286414e-05
procedur,24,6.526208164286414e-05
waiver,24,6.526208164286414e-05
patient,24,6.526208164286414e-05
life,23,6.254282824107812e-05
fleet,23,6.254282824107812e-05
disclosureon,23,6.254282824107812e-05
aid,23,6.254282824107812e-05
attent,23,6.254282824107812e-05
demograph,23,6.254282824107812e-05
hour,23,6.254282824107812e-05
counterparti,23,6.254282824107812e-05
thereon,23,6.254282824107812e-05
held,23,6.254282824107812e-05
constitut,23,6.254282824107812e-05
slower,23,6.254282824107812e-05
et,23,6.254282824107812e-05
zechmeist,23,6.254282824107812e-05
certif,23,6.254282824107812e-05
pursu,22,5.9823574839292126e-05
probabl,22,5.9823574839292126e-05
prohibit,22,5.9823574839292126e-05
slowdown,22,5.9823574839292126e-05
expans,22,5.9823574839292126e-05
jurisdict,22,5.9823574839292126e-05
confirm,22,5.9823574839292126e-05
armi,22,5.9823574839292126e-05
sar,22,5.9823574839292126e-05
famili,22,5.9823574839292126e-05
thu,22,5.9823574839292126e-05
advanc,22,5.9823574839292126e-05
vari,22,5.9823574839292126e-05
bill,22,5.9823574839292126e-05
role,22,5.9823574839292126e-05
submit,22,5.9823574839292126e-05
challeng,22,5.9823574839292126e-05
estat,22,5.9823574839292126e-05
effici,22,5.9823574839292126e-05
slowli,22,5.9823574839292126e-05
disabl,21,5.7104321437506116e-05
highlight,21,5.7104321437506116e-05
satisfi,21,5.7104321437506116e-05
mortgag,21,5.7104321437506116e-05
aggreg,21,5.7104321437506116e-05
rucku,21,5.7104321437506116e-05
hospit,21,5.7104321437506116e-05
hand,21,5.7104321437506116e-05
deliv,21,5.7104321437506116e-05
departur,21,5.7104321437506116e-05
florida,21,5.7104321437506116e-05
revok,20,5.438506803572011e-05
congress,20,5.438506803572011e-05
shortag,20,5.438506803572011e-05
gold,20,5.438506803572011e-05
fair,20,5.438506803572011e-05
mp,20,5.438506803572011e-05
seek,20,5.438506803572011e-05
subcontractor,20,5.438506803572011e-05
modif,20,5.438506803572011e-05
dioxid,20,5.438506803572011e-05
cap,20,5.438506803572011e-05
custodi,20,5.438506803572011e-05
ceo,20,5.438506803572011e-05
carbon,20,5.438506803572011e-05
mandat,20,5.438506803572011e-05
see,20,5.438506803572011e-05
stream,20,5.438506803572011e-05
prospectu,19,5.166581463393411e-05
subordin,19,5.166581463393411e-05
death,19,5.166581463393411e-05
way,19,5.166581463393411e-05
respond,19,5.166581463393411e-05
sporad,19,5.166581463393411e-05
michael,19,5.166581463393411e-05
ordinari,19,5.166581463393411e-05
euro,19,5.166581463393411e-05
fhn,19,5.166581463393411e-05
cast,19,5.166581463393411e-05
focu,19,5.166581463393411e-05
marin,19,5.166581463393411e-05
viii,19,5.166581463393411e-05
audio,19,5.166581463393411e-05
cab,19,5.166581463393411e-05
solicit,19,5.166581463393411e-05
penalti,19,5.166581463393411e-05
bidder,19,5.166581463393411e-05
spring,19,5.166581463393411e-05
remedi,19,5.166581463393411e-05
regencycent,19,5.166581463393411e-05
kpmg,19,5.166581463393411e-05
vii,19,5.166581463393411e-05
show,19,5.166581463393411e-05
idaho,19,5.166581463393411e-05
jcg,19,5.166581463393411e-05
hyperlink,19,5.166581463393411e-05
classif,18,4.89465612321481e-05
gaapmeasureexclud,18,4.89465612321481e-05
frequent,18,4.89465612321481e-05
statist,18,4.89465612321481e-05
california,18,4.89465612321481e-05
ineffici,18,4.89465612321481e-05
organ,18,4.89465612321481e-05
panel,18,4.89465612321481e-05
treatment,18,4.89465612321481e-05
focus,18,4.89465612321481e-05
rise,18,4.89465612321481e-05
llc,18,4.89465612321481e-05
variat,18,4.89465612321481e-05
monitor,18,4.89465612321481e-05
protect,18,4.89465612321481e-05
activist,18,4.89465612321481e-05
join,18,4.89465612321481e-05
tool,18,4.89465612321481e-05
model,18,4.89465612321481e-05
declar,18,4.89465612321481e-05
petroleum,18,4.89465612321481e-05
ct,18,4.89465612321481e-05
acceler,18,4.89465612321481e-05
key,18,4.89465612321481e-05
summer,18,4.89465612321481e-05
banker,18,4.89465612321481e-05
disclosurea,18,4.89465612321481e-05
alabama,18,4.89465612321481e-05
tuesday,18,4.89465612321481e-05
agre,18,4.89465612321481e-05
worldwid,17,4.6227307830362095e-05
hydraul,17,4.6227307830362095e-05
medicar,17,4.6227307830362095e-05
anniversari,17,4.6227307830362095e-05
mae,17,4.6227307830362095e-05
statutori,17,4.6227307830362095e-05
playback,17,4.6227307830362095e-05
pm,17,4.6227307830362095e-05
stephen,17,4.6227307830362095e-05
debtor,17,4.6227307830362095e-05
fundament,17,4.6227307830362095e-05
heat,17,4.6227307830362095e-05
waiv,17,4.6227307830362095e-05
valuabl,17,4.6227307830362095e-05
surround,17,4.6227307830362095e-05
mixer,17,4.6227307830362095e-05
especi,17,4.6227307830362095e-05
logist,17,4.6227307830362095e-05
domest,17,4.6227307830362095e-05
lincolnelectr,17,4.6227307830362095e-05
listen,17,4.6227307830362095e-05
storag,17,4.6227307830362095e-05
inadequ,17,4.6227307830362095e-05
favor,17,4.6227307830362095e-05
verifi,17,4.6227307830362095e-05
paragraph,17,4.6227307830362095e-05
ffop,17,4.6227307830362095e-05
follow,17,4.6227307830362095e-05
redeploy,17,4.6227307830362095e-05
pipelin,17,4.6227307830362095e-05
aviv,17,4.6227307830362095e-05
afford,17,4.6227307830362095e-05
occurr,17,4.6227307830362095e-05
recov,17,4.6227307830362095e-05
well,17,4.6227307830362095e-05
concentr,17,4.6227307830362095e-05
convent,17,4.6227307830362095e-05
ofexhibit,17,4.6227307830362095e-05
parent,17,4.6227307830362095e-05
readili,17,4.6227307830362095e-05
placement,17,4.6227307830362095e-05
translat,17,4.6227307830362095e-05
llp,17,4.6227307830362095e-05
renew,17,4.6227307830362095e-05
referencein,16,4.350805442857609e-05
theoret,16,4.350805442857609e-05
panerabread,16,4.350805442857609e-05
check,16,4.350805442857609e-05
chess,16,4.350805442857609e-05
measuresth,16,4.350805442857609e-05
hauler,16,4.350805442857609e-05
carcass,16,4.350805442857609e-05
accid,16,4.350805442857609e-05
mcconnel,16,4.350805442857609e-05
oshkoshcorpor,16,4.350805442857609e-05
actuari,16,4.350805442857609e-05
regardless,16,4.350805442857609e-05
summar,16,4.350805442857609e-05
afghanistan,16,4.350805442857609e-05
inspect,16,4.350805442857609e-05
reli,16,4.350805442857609e-05
capitaldebt,16,4.350805442857609e-05
interconnect,16,4.350805442857609e-05
turnov,16,4.350805442857609e-05
tariff,16,4.350805442857609e-05
westpharma,16,4.350805442857609e-05
attack,16,4.350805442857609e-05
rice,16,4.350805442857609e-05
rework,16,4.350805442857609e-05
intens,16,4.350805442857609e-05
tantalum,16,4.350805442857609e-05
inevit,16,4.350805442857609e-05
infest,16,4.350805442857609e-05
influenc,16,4.350805442857609e-05
bakeri,16,4.350805442857609e-05
insuffici,16,4.350805442857609e-05
retrofit,16,4.350805442857609e-05
bond,16,4.350805442857609e-05
repossess,16,4.350805442857609e-05
thei,16,4.350805442857609e-05
lead,16,4.350805442857609e-05
licensor,16,4.350805442857609e-05
sophist,16,4.350805442857609e-05
campaign,16,4.350805442857609e-05
honor,16,4.350805442857609e-05
analyt,16,4.350805442857609e-05
hotu,16,4.350805442857609e-05
moodi,16,4.350805442857609e-05
judici,16,4.350805442857609e-05
war,16,4.350805442857609e-05
religi,16,4.350805442857609e-05
lack,16,4.350805442857609e-05
officerexhibit,16,4.350805442857609e-05
wast,16,4.350805442857609e-05
sharpli,16,4.350805442857609e-05
chines,16,4.350805442857609e-05
reit,16,4.350805442857609e-05
gaug,16,4.350805442857609e-05
fuel,16,4.350805442857609e-05
transform,16,4.350805442857609e-05
conditionattach,16,4.350805442857609e-05
featur,16,4.350805442857609e-05
emit,16,4.350805442857609e-05
emitt,16,4.350805442857609e-05
peter,16,4.350805442857609e-05
stabl,16,4.350805442857609e-05
cyclic,16,4.350805442857609e-05
recruit,16,4.350805442857609e-05
traffic,16,4.350805442857609e-05
pattern,16,4.350805442857609e-05
engag,16,4.350805442857609e-05
geolog,16,4.350805442857609e-05
gase,16,4.350805442857609e-05
closur,16,4.350805442857609e-05
forego,16,4.350805442857609e-05
viabl,16,4.350805442857609e-05
ernst,16,4.350805442857609e-05
util,16,4.350805442857609e-05
damon,16,4.350805442857609e-05
download,16,4.350805442857609e-05
pest,16,4.350805442857609e-05
fditem,16,4.350805442857609e-05
tin,16,4.350805442857609e-05
counsel,16,4.350805442857609e-05
verdict,16,4.350805442857609e-05
depositari,16,4.350805442857609e-05
quantit,16,4.350805442857609e-05
face,16,4.350805442857609e-05
platform,16,4.350805442857609e-05
perri,16,4.350805442857609e-05
ebitdaeach,16,4.350805442857609e-05
conditionsect,16,4.350805442857609e-05
franchis,16,4.350805442857609e-05
deplet,16,4.350805442857609e-05
pass,16,4.350805442857609e-05
flowfre,16,4.350805442857609e-05
exampl,16,4.350805442857609e-05
expert,16,4.350805442857609e-05
configur,16,4.350805442857609e-05
varianc,16,4.350805442857609e-05
rebound,15,4.078880102679009e-05
compil,15,4.078880102679009e-05
ix,15,4.078880102679009e-05
anditem,15,4.078880102679009e-05
kumar,15,4.078880102679009e-05
apparatu,15,4.078880102679009e-05
roadmap,15,4.078880102679009e-05
escal,15,4.078880102679009e-05
europ,15,4.078880102679009e-05
incorrect,15,4.078880102679009e-05
track,15,4.078880102679009e-05
multi,15,4.078880102679009e-05
money,15,4.078880102679009e-05
fhtv,15,4.078880102679009e-05
devind,15,4.078880102679009e-05
display,15,4.078880102679009e-05
unilater,15,4.078880102679009e-05
affirm,15,4.078880102679009e-05
reimburs,15,4.078880102679009e-05
footprint,15,4.078880102679009e-05
wherebi,15,4.078880102679009e-05
secretari,15,4.078880102679009e-05
encourag,15,4.078880102679009e-05
promot,15,4.078880102679009e-05
manageri,15,4.078880102679009e-05
conditionse,15,4.078880102679009e-05
channel,15,4.078880102679009e-05
scientist,15,4.078880102679009e-05
dx,15,4.078880102679009e-05
withdrawn,15,4.078880102679009e-05
cfm,14,3.806954762500408e-05
devalu,14,3.806954762500408e-05
accru,14,3.806954762500408e-05
vanguard,14,3.806954762500408e-05
dr,14,3.806954762500408e-05
seller,14,3.806954762500408e-05
fult,14,3.806954762500408e-05
kilroyrealti,14,3.806954762500408e-05
vacat,14,3.806954762500408e-05
cnl,14,3.806954762500408e-05
reaffirm,14,3.806954762500408e-05
salli,14,3.806954762500408e-05
hire,14,3.806954762500408e-05
decommiss,14,3.806954762500408e-05
enact,14,3.806954762500408e-05
billman,14,3.806954762500408e-05
step,13,3.5350294223218074e-05
specialti,13,3.5350294223218074e-05
enforc,13,3.5350294223218074e-05
robert,13,3.5350294223218074e-05
remanufactur,13,3.5350294223218074e-05
cfpb,13,3.5350294223218074e-05
conjunct,13,3.5350294223218074e-05
indemnif,13,3.5350294223218074e-05
expect,13,3.5350294223218074e-05
co,13,3.5350294223218074e-05
russel,13,3.5350294223218074e-05
creation,13,3.5350294223218074e-05
close,13,3.5350294223218074e-05
brcd,13,3.5350294223218074e-05
inaccur,13,3.5350294223218074e-05
elig,13,3.5350294223218074e-05
johnson,13,3.5350294223218074e-05
intermedi,13,3.5350294223218074e-05
congression,13,3.5350294223218074e-05
cyan,13,3.5350294223218074e-05
fiscal,13,3.5350294223218074e-05
fmtv,12,3.263104082143207e-05
infrastructur,12,3.263104082143207e-05
nurs,12,3.263104082143207e-05
ir,12,3.263104082143207e-05
ration,12,3.263104082143207e-05
calendar,12,3.263104082143207e-05
bb,12,3.263104082143207e-05
roger,12,3.263104082143207e-05
reiter,12,3.263104082143207e-05
reinsur,12,3.263104082143207e-05
david,12,3.263104082143207e-05
dayrat,12,3.263104082143207e-05
prorat,12,3.263104082143207e-05
healthcar,12,3.263104082143207e-05
univers,12,3.263104082143207e-05
scrushi,12,3.263104082143207e-05
trust,12,3.263104082143207e-05
owner,12,3.263104082143207e-05
ownership,12,3.263104082143207e-05
menzi,12,3.263104082143207e-05
adopt,12,3.263104082143207e-05
edit,12,3.263104082143207e-05
produc,12,3.263104082143207e-05
ebit,12,3.263104082143207e-05
shankar,12,3.263104082143207e-05
entiti,12,3.263104082143207e-05
vitamin,12,3.263104082143207e-05
multifacet,12,3.263104082143207e-05
hydrocarbon,12,3.263104082143207e-05
frequenc,12,3.263104082143207e-05
realloc,12,3.263104082143207e-05
andrew,12,3.263104082143207e-05
commenc,12,3.263104082143207e-05
mari,11,2.9911787419646063e-05
suffer,11,2.9911787419646063e-05
kruszewski,11,2.9911787419646063e-05
matthew,11,2.9911787419646063e-05
advantag,11,2.9911787419646063e-05
tsunami,11,2.9911787419646063e-05
disast,11,2.9911787419646063e-05
evolv,11,2.9911787419646063e-05
nso,11,2.9911787419646063e-05
prone,11,2.9911787419646063e-05
averi,11,2.9911787419646063e-05
proprietari,11,2.9911787419646063e-05
make,11,2.9911787419646063e-05
monday,11,2.9911787419646063e-05
neglig,11,2.9911787419646063e-05
ratif,11,2.9911787419646063e-05
attorney,11,2.9911787419646063e-05
assign,11,2.9911787419646063e-05
pricewaterhousecoop,11,2.9911787419646063e-05
swap,11,2.9911787419646063e-05
street,11,2.9911787419646063e-05
redempt,11,2.9911787419646063e-05
right,11,2.9911787419646063e-05
raymondjam,11,2.9911787419646063e-05
terrain,11,2.9911787419646063e-05
headcount,11,2.9911787419646063e-05
head,11,2.9911787419646063e-05
harm,11,2.9911787419646063e-05
center,11,2.9911787419646063e-05
wage,11,2.9911787419646063e-05
compromis,11,2.9911787419646063e-05
statu,11,2.9911787419646063e-05
gilmor,11,2.9911787419646063e-05
timberland,11,2.9911787419646063e-05
remot,11,2.9911787419646063e-05
casualti,11,2.9911787419646063e-05
thoma,11,2.9911787419646063e-05
recommend,11,2.9911787419646063e-05
conditionitem,11,2.9911787419646063e-05
omit,10,2.7192534017860056e-05
truste,10,2.7192534017860056e-05
lp,10,2.7192534017860056e-05
ibm,10,2.7192534017860056e-05
szew,10,2.7192534017860056e-05
formul,10,2.7192534017860056e-05
regularli,10,2.7192534017860056e-05
entri,10,2.7192534017860056e-05
davi,10,2.7192534017860056e-05
strictli,10,2.7192534017860056e-05
kelli,10,2.7192534017860056e-05
peer,10,2.7192534017860056e-05
assert,10,2.7192534017860056e-05
lawrenc,10,2.7192534017860056e-05
durat,10,2.7192534017860056e-05
streamlin,10,2.7192534017860056e-05
versu,10,2.7192534017860056e-05
laps,10,2.7192534017860056e-05
consumm,10,2.7192534017860056e-05
evid,10,2.7192534017860056e-05
stop,10,2.7192534017860056e-05
quantiti,10,2.7192534017860056e-05
resultsnon,10,2.7192534017860056e-05
build,10,2.7192534017860056e-05
heavi,10,2.7192534017860056e-05
clearli,10,2.7192534017860056e-05
goldman,10,2.7192534017860056e-05
bankruptci,10,2.7192534017860056e-05
weight,10,2.7192534017860056e-05
stoe,9,2.447328061607405e-05
dai,9,2.447328061607405e-05
roic,9,2.447328061607405e-05
capitaladjust,9,2.447328061607405e-05
puriti,9,2.447328061607405e-05
rebalanc,9,2.447328061607405e-05
sub,9,2.447328061607405e-05
conclud,9,2.447328061607405e-05
length,9,2.447328061607405e-05
fractur,9,2.447328061607405e-05
ratifi,9,2.447328061607405e-05
jordan,9,2.447328061607405e-05
bind,9,2.447328061607405e-05
indexexhibit,9,2.447328061607405e-05
half,9,2.447328061607405e-05
maryland,9,2.447328061607405e-05
payout,9,2.447328061607405e-05
discret,9,2.447328061607405e-05
minu,9,2.447328061607405e-05
datefisc,9,2.447328061607405e-05
brand,9,2.447328061607405e-05
headquart,9,2.447328061607405e-05
audia,9,2.447328061607405e-05
reloc,9,2.447328061607405e-05
aim,9,2.447328061607405e-05
scrap,9,2.447328061607405e-05
rais,9,2.447328061607405e-05
book,9,2.447328061607405e-05
absent,9,2.447328061607405e-05
weapon,9,2.447328061607405e-05
id,9,2.447328061607405e-05
pca,9,2.447328061607405e-05
cst,9,2.447328061607405e-05
dodd,9,2.447328061607405e-05
volatil,9,2.447328061607405e-05
improp,9,2.447328061607405e-05
revolv,9,2.447328061607405e-05
medium,8,2.1754027214288046e-05
charl,8,2.1754027214288046e-05
friday,8,2.1754027214288046e-05
lain,8,2.1754027214288046e-05
sector,8,2.1754027214288046e-05
paper,8,2.1754027214288046e-05
guarantor,8,2.1754027214288046e-05
amelio,8,2.1754027214288046e-05
anderson,8,2.1754027214288046e-05
gertel,8,2.1754027214288046e-05
default,8,2.1754027214288046e-05
carrier,8,2.1754027214288046e-05
ccbn,8,2.1754027214288046e-05
bufano,8,2.1754027214288046e-05
daylight,8,2.1754027214288046e-05
twb,8,2.1754027214288046e-05
yearaft,8,2.1754027214288046e-05
prolianceresultsnon,8,2.1754027214288046e-05
meru,8,2.1754027214288046e-05
gaapmeasur,8,2.1754027214288046e-05
classifi,8,2.1754027214288046e-05
combat,8,2.1754027214288046e-05
commensur,8,2.1754027214288046e-05
leadership,8,2.1754027214288046e-05
survey,8,2.1754027214288046e-05
launch,8,2.1754027214288046e-05
aspect,8,2.1754027214288046e-05
peso,8,2.1754027214288046e-05
ronald,8,2.1754027214288046e-05
venezuela,8,2.1754027214288046e-05
format,8,2.1754027214288046e-05
averagecurr,8,2.1754027214288046e-05
object,8,2.1754027214288046e-05
doj,8,2.1754027214288046e-05
richard,8,2.1754027214288046e-05
totalsal,8,2.1754027214288046e-05
artz,8,2.1754027214288046e-05
atv,8,2.1754027214288046e-05
appreci,8,2.1754027214288046e-05
founder,8,2.1754027214288046e-05
court,8,2.1754027214288046e-05
downtim,8,2.1754027214288046e-05
pearlman,7,1.903477381250204e-05
thereaft,7,1.903477381250204e-05
inadequaci,7,1.903477381250204e-05
enhanc,7,1.903477381250204e-05
lukianov,7,1.903477381250204e-05
need,7,1.903477381250204e-05
georg,7,1.903477381250204e-05
decid,7,1.903477381250204e-05
save,7,1.903477381250204e-05
wafer,7,1.903477381250204e-05
staff,7,1.903477381250204e-05
encount,7,1.903477381250204e-05
drive,7,1.903477381250204e-05
sherburn,7,1.903477381250204e-05
consent,7,1.903477381250204e-05
flood,7,1.903477381250204e-05
gottwald,7,1.903477381250204e-05
voluntari,7,1.903477381250204e-05
gregg,7,1.903477381250204e-05
successor,7,1.903477381250204e-05
tmb,7,1.903477381250204e-05
certifi,7,1.903477381250204e-05
promin,7,1.903477381250204e-05
match,7,1.903477381250204e-05
parcel,7,1.903477381250204e-05
advisor,7,1.903477381250204e-05
thompson,7,1.903477381250204e-05
degre,7,1.903477381250204e-05
forfeit,7,1.903477381250204e-05
split,7,1.903477381250204e-05
noncontrol,7,1.903477381250204e-05
hi,7,1.903477381250204e-05
cdt,7,1.903477381250204e-05
readi,7,1.903477381250204e-05
type,7,1.903477381250204e-05
home,7,1.903477381250204e-05
buyer,7,1.903477381250204e-05
siegel,7,1.903477381250204e-05
misstat,7,1.903477381250204e-05
murray,7,1.903477381250204e-05
wsp,7,1.903477381250204e-05
donou,7,1.903477381250204e-05
exhibitno,7,1.903477381250204e-05
freddi,7,1.903477381250204e-05
recast,6,1.6315520410716035e-05
reclassif,6,1.6315520410716035e-05
scenario,6,1.6315520410716035e-05
encompass,6,1.6315520410716035e-05
murphi,6,1.6315520410716035e-05
refund,6,1.6315520410716035e-05
catastroph,6,1.6315520410716035e-05
lcd,6,1.6315520410716035e-05
light,6,1.6315520410716035e-05
compris,6,1.6315520410716035e-05
timber,6,1.6315520410716035e-05
pharmaceut,6,1.6315520410716035e-05
resolv,6,1.6315520410716035e-05
tech,6,1.6315520410716035e-05
resist,6,1.6315520410716035e-05
spin,6,1.6315520410716035e-05
overrun,6,1.6315520410716035e-05
knowledg,6,1.6315520410716035e-05
intellectu,6,1.6315520410716035e-05
th,6,1.6315520410716035e-05
prioriti,6,1.6315520410716035e-05
customari,6,1.6315520410716035e-05
moreton,6,1.6315520410716035e-05
merchandis,6,1.6315520410716035e-05
ftn,6,1.6315520410716035e-05
pacif,6,1.6315520410716035e-05
wsa,6,1.6315520410716035e-05
fad,6,1.6315520410716035e-05
passag,6,1.6315520410716035e-05
mac,6,1.6315520410716035e-05
nasdaq,6,1.6315520410716035e-05
conditionth,6,1.6315520410716035e-05
repatri,6,1.6315520410716035e-05
notifi,6,1.6315520410716035e-05
kerrii,6,1.6315520410716035e-05
cylind,6,1.6315520410716035e-05
farm,6,1.6315520410716035e-05
pennsylvania,6,1.6315520410716035e-05
ambush,6,1.6315520410716035e-05
fall,6,1.6315520410716035e-05
legaci,6,1.6315520410716035e-05
melani,6,1.6315520410716035e-05
bayless,6,1.6315520410716035e-05
despit,6,1.6315520410716035e-05
nutrit,6,1.6315520410716035e-05
inspector,6,1.6315520410716035e-05
entir,6,1.6315520410716035e-05
bryant,6,1.6315520410716035e-05
xbrl,6,1.6315520410716035e-05
asr,6,1.6315520410716035e-05
pichelli,6,1.6315520410716035e-05
smith,5,1.3596267008930028e-05
mrap,5,1.3596267008930028e-05
sole,5,1.3596267008930028e-05
morgan,5,1.3596267008930028e-05
saic,5,1.3596267008930028e-05
spartech,5,1.3596267008930028e-05
sharex,5,1.3596267008930028e-05
paramet,5,1.3596267008930028e-05
prefer,5,1.3596267008930028e-05
pend,5,1.3596267008930028e-05
nyse,5,1.3596267008930028e-05
merg,5,1.3596267008930028e-05
patent,5,1.3596267008930028e-05
realign,5,1.3596267008930028e-05
pti,5,1.3596267008930028e-05
rent,5,1.3596267008930028e-05
necessari,5,1.3596267008930028e-05
school,5,1.3596267008930028e-05
minim,5,1.3596267008930028e-05
slaveri,5,1.3596267008930028e-05
set,5,1.3596267008930028e-05
negoti,5,1.3596267008930028e-05
scott,5,1.3596267008930028e-05
nelson,5,1.3596267008930028e-05
ramp,5,1.3596267008930028e-05
sidney,5,1.3596267008930028e-05
mill,5,1.3596267008930028e-05
roll,5,1.3596267008930028e-05
nomin,5,1.3596267008930028e-05
ribeau,5,1.3596267008930028e-05
pledg,5,1.3596267008930028e-05
stanley,5,1.3596267008930028e-05
pyne,5,1.3596267008930028e-05
restitut,5,1.3596267008930028e-05
ozey,5,1.3596267008930028e-05
recognit,5,1.3596267008930028e-05
grzebinski,5,1.3596267008930028e-05
locoh,5,1.3596267008930028e-05
applic,5,1.3596267008930028e-05
carl,5,1.3596267008930028e-05
delinqu,5,1.3596267008930028e-05
delist,5,1.3596267008930028e-05
color,5,1.3596267008930028e-05
ainsworth,5,1.3596267008930028e-05
dempsey,5,1.3596267008930028e-05
aip,5,1.3596267008930028e-05
wind,5,1.3596267008930028e-05
alan,5,1.3596267008930028e-05
svbif,5,1.3596267008930028e-05
winland,5,1.3596267008930028e-05
winter,5,1.3596267008930028e-05
aldo,5,1.3596267008930028e-05
horton,5,1.3596267008930028e-05
innov,5,1.3596267008930028e-05
leaseback,5,1.3596267008930028e-05
deposit,5,1.3596267008930028e-05
leader,5,1.3596267008930028e-05
lcm,5,1.3596267008930028e-05
chargeback,5,1.3596267008930028e-05
charter,5,1.3596267008930028e-05
auction,5,1.3596267008930028e-05
aligntech,5,1.3596267008930028e-05
colorado,5,1.3596267008930028e-05
lai,5,1.3596267008930028e-05
alon,5,1.3596267008930028e-05
alreadi,5,1.3596267008930028e-05
exclus,5,1.3596267008930028e-05
karmano,5,1.3596267008930028e-05
wife,5,1.3596267008930028e-05
tabul,5,1.3596267008930028e-05
diversif,5,1.3596267008930028e-05
taxonomi,5,1.3596267008930028e-05
virgil,5,1.3596267008930028e-05
thomsen,5,1.3596267008930028e-05
frank,5,1.3596267008930028e-05
gmo,5,1.3596267008930028e-05
corp,5,1.3596267008930028e-05
foundri,5,1.3596267008930028e-05
lump,5,1.3596267008930028e-05
asia,5,1.3596267008930028e-05
bruce,5,1.3596267008930028e-05
blyston,5,1.3596267008930028e-05
transmitt,5,1.3596267008930028e-05
wealth,5,1.3596267008930028e-05
approach,5,1.3596267008930028e-05
hamada,5,1.3596267008930028e-05
mcpeek,5,1.3596267008930028e-05
mail,5,1.3596267008930028e-05
hamm,5,1.3596267008930028e-05
capitalprimari,5,1.3596267008930028e-05
flinn,5,1.3596267008930028e-05
wholesal,5,1.3596267008930028e-05
harsh,5,1.3596267008930028e-05
divis,5,1.3596267008930028e-05
armor,4,1.0877013607144023e-05
treat,4,1.0877013607144023e-05
nomine,4,1.0877013607144023e-05
elimin,4,1.0877013607144023e-05
industrialpackag,4,1.0877013607144023e-05
voluntarili,4,1.0877013607144023e-05
votesabstain,4,1.0877013607144023e-05
singapor,4,1.0877013607144023e-05
auditor,4,1.0877013607144023e-05
telephon,4,1.0877013607144023e-05
introduc,4,1.0877013607144023e-05
powel,4,1.0877013607144023e-05
nonmarket,4,1.0877013607144023e-05
instal,4,1.0877013607144023e-05
shaw,4,1.0877013607144023e-05
eitel,4,1.0877013607144023e-05
endr,4,1.0877013607144023e-05
reclassifi,4,1.0877013607144023e-05
correspondingli,4,1.0877013607144023e-05
onshor,4,1.0877013607144023e-05
obsolet,4,1.0877013607144023e-05
fireey,4,1.0877013607144023e-05
gari,4,1.0877013607144023e-05
bremner,4,1.0877013607144023e-05
break,4,1.0877013607144023e-05
bre,4,1.0877013607144023e-05
threat,4,1.0877013607144023e-05
par,4,1.0877013607144023e-05
reprogram,4,1.0877013607144023e-05
gse,4,1.0877013607144023e-05
packagingcorp,4,1.0877013607144023e-05
qualif,4,1.0877013607144023e-05
forfeitur,4,1.0877013607144023e-05
hale,4,1.0877013607144023e-05
resort,4,1.0877013607144023e-05
carolina,4,1.0877013607144023e-05
rex,4,1.0877013607144023e-05
ceas,4,1.0877013607144023e-05
beatti,4,1.0877013607144023e-05
pham,4,1.0877013607144023e-05
bear,4,1.0877013607144023e-05
optium,4,1.0877013607144023e-05
dougla,4,1.0877013607144023e-05
oklak,4,1.0877013607144023e-05
baltimor,4,1.0877013607144023e-05
hypothec,4,1.0877013607144023e-05
stellit,4,1.0877013607144023e-05
platinum,4,1.0877013607144023e-05
inagaki,4,1.0877013607144023e-05
eventson,4,1.0877013607144023e-05
room,4,1.0877013607144023e-05
ngair,4,1.0877013607144023e-05
patrick,4,1.0877013607144023e-05
sunnyval,4,1.0877013607144023e-05
complaint,4,1.0877013607144023e-05
marginth,4,1.0877013607144023e-05
diamond,4,1.0877013607144023e-05
messr,4,1.0877013607144023e-05
promptli,4,1.0877013607144023e-05
reach,4,1.0877013607144023e-05
desir,4,1.0877013607144023e-05
sca,4,1.0877013607144023e-05
adequ,4,1.0877013607144023e-05
align,4,1.0877013607144023e-05
sokalski,4,1.0877013607144023e-05
procur,4,1.0877013607144023e-05
quorum,4,1.0877013607144023e-05
michel,4,1.0877013607144023e-05
lynn,4,1.0877013607144023e-05
schiavo,4,1.0877013607144023e-05
conditionthi,4,1.0877013607144023e-05
contest,4,1.0877013607144023e-05
denni,4,1.0877013607144023e-05
licens,4,1.0877013607144023e-05
ralph,4,1.0877013607144023e-05
surfac,4,1.0877013607144023e-05
second,4,1.0877013607144023e-05
xxthe,4,1.0877013607144023e-05
search,4,1.0877013607144023e-05
tailgat,4,1.0877013607144023e-05
amd,4,1.0877013607144023e-05
ski,4,1.0877013607144023e-05
appli,4,1.0877013607144023e-05
cohen,4,1.0877013607144023e-05
martin,4,1.0877013607144023e-05
sabelhau,4,1.0877013607144023e-05
joseph,4,1.0877013607144023e-05
jack,4,1.0877013607144023e-05
tangibl,4,1.0877013607144023e-05
itemson,4,1.0877013607144023e-05
sach,4,1.0877013607144023e-05
murai,4,1.0877013607144023e-05
royalti,4,1.0877013607144023e-05
cumul,4,1.0877013607144023e-05
mccolgan,4,1.0877013607144023e-05
round,4,1.0877013607144023e-05
cuneo,4,1.0877013607144023e-05
jv,4,1.0877013607144023e-05
succe,4,1.0877013607144023e-05
reappoint,4,1.0877013607144023e-05
navient,4,1.0877013607144023e-05
tie,3,8.157760205358018e-06
cref,3,8.157760205358018e-06
deficit,3,8.157760205358018e-06
count,3,8.157760205358018e-06
flu,3,8.157760205358018e-06
skill,3,8.157760205358018e-06
foragainstabstainbrok,3,8.157760205358018e-06
caresouth,3,8.157760205358018e-06
valley,3,8.157760205358018e-06
skrobacz,3,8.157760205358018e-06
reject,3,8.157760205358018e-06
reliabl,3,8.157760205358018e-06
context,3,8.157760205358018e-06
deadlin,3,8.157760205358018e-06
wajid,3,8.157760205358018e-06
formerli,3,8.157760205358018e-06
davidson,3,8.157760205358018e-06
walker,3,8.157760205358018e-06
forum,3,8.157760205358018e-06
vendor,3,8.157760205358018e-06
cyaninc,3,8.157760205358018e-06
wallop,3,8.157760205358018e-06
tighter,3,8.157760205358018e-06
peak,3,8.157760205358018e-06
south,3,8.157760205358018e-06
undistribut,3,8.157760205358018e-06
clarifi,3,8.157760205358018e-06
dfast,3,8.157760205358018e-06
polym,3,8.157760205358018e-06
pool,3,8.157760205358018e-06
portabl,3,8.157760205358018e-06
comparabilitydefin,3,8.157760205358018e-06
elli,3,8.157760205358018e-06
disagr,3,8.157760205358018e-06
column,3,8.157760205358018e-06
dismiss,3,8.157760205358018e-06
sponsor,3,8.157760205358018e-06
educ,3,8.157760205358018e-06
reauthor,3,8.157760205358018e-06
eclips,3,8.157760205358018e-06
cogniz,3,8.157760205358018e-06
dur,3,8.157760205358018e-06
trigger,3,8.157760205358018e-06
broadcom,3,8.157760205358018e-06
dra,3,8.157760205358018e-06
votesexecut,3,8.157760205358018e-06
exceed,3,8.157760205358018e-06
read,3,8.157760205358018e-06
extrem,3,8.157760205358018e-06
contact,3,8.157760205358018e-06
rapidli,3,8.157760205358018e-06
rata,3,8.157760205358018e-06
cent,3,8.157760205358018e-06
certainti,3,8.157760205358018e-06
fiduciari,3,8.157760205358018e-06
phd,3,8.157760205358018e-06
presentationpursu,3,8.157760205358018e-06
philip,3,8.157760205358018e-06
chair,3,8.157760205358018e-06
undefinit,3,8.157760205358018e-06
chairperson,3,8.157760205358018e-06
votespricewaterhousecoop,3,8.157760205358018e-06
concurr,3,8.157760205358018e-06
fanni,3,8.157760205358018e-06
refin,3,8.157760205358018e-06
silicon,3,8.157760205358018e-06
specimen,3,8.157760205358018e-06
zone,3,8.157760205358018e-06
shortli,3,8.157760205358018e-06
australia,3,8.157760205358018e-06
woodward,3,8.157760205358018e-06
allow,3,8.157760205358018e-06
indemnifi,3,8.157760205358018e-06
incorporatedbi,3,8.157760205358018e-06
shamber,3,8.157760205358018e-06
schafer,3,8.157760205358018e-06
automat,3,8.157760205358018e-06
avenu,3,8.157760205358018e-06
xi,3,8.157760205358018e-06
xii,3,8.157760205358018e-06
officeron,3,8.157760205358018e-06
withhold,3,8.157760205358018e-06
officerson,3,8.157760205358018e-06
withheld,3,8.157760205358018e-06
bandwidth,3,8.157760205358018e-06
hundr,3,8.157760205358018e-06
houston,3,8.157760205358018e-06
xthe,3,8.157760205358018e-06
opinion,3,8.157760205358018e-06
indic,3,8.157760205358018e-06
austin,3,8.157760205358018e-06
millionstot,3,8.157760205358018e-06
satisfact,3,8.157760205358018e-06
neg,3,8.157760205358018e-06
rupe,3,8.157760205358018e-06
taxabl,3,8.157760205358018e-06
jischk,3,8.157760205358018e-06
rossi,3,8.157760205358018e-06
write,3,8.157760205358018e-06
stoppag,3,8.157760205358018e-06
investe,3,8.157760205358018e-06
njr,3,8.157760205358018e-06
kent,3,8.157760205358018e-06
ascertain,3,8.157760205358018e-06
kevin,3,8.157760205358018e-06
world,3,8.157760205358018e-06
storm,3,8.157760205358018e-06
nonutil,3,8.157760205358018e-06
ati,3,8.157760205358018e-06
alter,3,8.157760205358018e-06
motorola,3,8.157760205358018e-06
auditorium,3,8.157760205358018e-06
loughran,3,8.157760205358018e-06
jami,3,8.157760205358018e-06
haefner,3,8.157760205358018e-06
stand,3,8.157760205358018e-06
advis,3,8.157760205358018e-06
supplementari,3,8.157760205358018e-06
branch,3,8.157760205358018e-06
thousand,3,8.157760205358018e-06
bitda,3,8.157760205358018e-06
microserv,3,8.157760205358018e-06
harvey,3,8.157760205358018e-06
methodolog,3,8.157760205358018e-06
benson,3,8.157760205358018e-06
hay,3,8.157760205358018e-06
wireless,3,8.157760205358018e-06
becam,3,8.157760205358018e-06
resal,3,8.157760205358018e-06
bmg,3,8.157760205358018e-06
geoffrey,3,8.157760205358018e-06
mid,3,8.157760205358018e-06
send,3,8.157760205358018e-06
lucien,3,8.157760205358018e-06
mellon,3,8.157760205358018e-06
hereaft,3,8.157760205358018e-06
highway,3,8.157760205358018e-06
grow,3,8.157760205358018e-06
administ,3,8.157760205358018e-06
acronym,2,5.438506803572011e-06
cooper,2,5.438506803572011e-06
add,2,5.438506803572011e-06
salaryrobert,2,5.438506803572011e-06
server,2,5.438506803572011e-06
ann,2,5.438506803572011e-06
correct,2,5.438506803572011e-06
acknowledg,2,5.438506803572011e-06
ziv,2,5.438506803572011e-06
abstent,2,5.438506803572011e-06
correctli,2,5.438506803572011e-06
aboutth,2,5.438506803572011e-06
wun,2,5.438506803572011e-06
africa,2,5.438506803572011e-06
complex,2,5.438506803572011e-06
connector,2,5.438506803572011e-06
servicescurr,2,5.438506803572011e-06
consign,2,5.438506803572011e-06
afc,2,5.438506803572011e-06
aqgen,2,5.438506803572011e-06
air,2,5.438506803572011e-06
contagi,2,5.438506803572011e-06
al,2,5.438506803572011e-06
alario,2,5.438506803572011e-06
content,2,5.438506803572011e-06
quarterfisc,2,5.438506803572011e-06
vicki,2,5.438506803572011e-06
sg,2,5.438506803572011e-06
aerospac,2,5.438506803572011e-06
scarfon,2,5.438506803572011e-06
conclus,2,5.438506803572011e-06
rbi,2,5.438506803572011e-06
rd,2,5.438506803572011e-06
contractu,2,5.438506803572011e-06
scra,2,5.438506803572011e-06
brian,2,5.438506803572011e-06
sharexx,2,5.438506803572011e-06
routin,2,5.438506803572011e-06
retriev,2,5.438506803572011e-06
barri,2,5.438506803572011e-06
barrick,2,5.438506803572011e-06
resultsaffirm,2,5.438506803572011e-06
categori,2,5.438506803572011e-06
carrol,2,5.438506803572011e-06
restor,2,5.438506803572011e-06
registrar,2,5.438506803572011e-06
carlyl,2,5.438506803572011e-06
cardoso,2,5.438506803572011e-06
capitalsourc,2,5.438506803572011e-06
betweenbank,2,5.438506803572011e-06
resin,2,5.438506803572011e-06
binion,2,5.438506803572011e-06
bonus,2,5.438506803572011e-06
canada,2,5.438506803572011e-06
boston,2,5.438506803572011e-06
bradley,2,5.438506803572011e-06
sierra,2,5.438506803572011e-06
bye,2,5.438506803572011e-06
bw,2,5.438506803572011e-06
reposit,2,5.438506803572011e-06
brazil,2,5.438506803572011e-06
butler,2,5.438506803572011e-06
bureau,2,5.438506803572011e-06
remain,2,5.438506803572011e-06
reorgan,2,5.438506803572011e-06
warranti,2,5.438506803572011e-06
side,2,5.438506803572011e-06
baron,2,5.438506803572011e-06
retrospect,2,5.438506803572011e-06
refinanc,2,5.438506803572011e-06
recompet,2,5.438506803572011e-06
recapit,2,5.438506803572011e-06
sharexxxaft,2,5.438506803572011e-06
arbitr,2,5.438506803572011e-06
virginia,2,5.438506803572011e-06
art,2,5.438506803572011e-06
clp,2,5.438506803572011e-06
cloth,2,5.438506803572011e-06
asof,2,5.438506803572011e-06
volt,2,5.438506803572011e-06
clinica,2,5.438506803572011e-06
broadband,2,5.438506803572011e-06
client,2,5.438506803572011e-06
attract,2,5.438506803572011e-06
audubon,2,5.438506803572011e-06
bachelor,2,5.438506803572011e-06
citigroup,2,5.438506803572011e-06
recover,2,5.438506803572011e-06
rgld,2,5.438506803572011e-06
cindi,2,5.438506803572011e-06
votesagainst,2,5.438506803572011e-06
cid,2,5.438506803572011e-06
cibik,2,5.438506803572011e-06
chri,2,5.438506803572011e-06
shift,2,5.438506803572011e-06
avril,2,5.438506803572011e-06
voteskennamet,2,5.438506803572011e-06
silver,2,5.438506803572011e-06
siliconix,2,5.438506803572011e-06
road,2,5.438506803572011e-06
medic,2,5.438506803572011e-06
corridor,2,5.438506803572011e-06
handl,2,5.438506803572011e-06
outsourc,2,5.438506803572011e-06
harvard,2,5.438506803572011e-06
outlay,2,5.438506803572011e-06
outflow,2,5.438506803572011e-06
outbreak,2,5.438506803572011e-06
hemispher,2,5.438506803572011e-06
hewlett,2,5.438506803572011e-06
hill,2,5.438506803572011e-06
ho,2,5.438506803572011e-06
organiz,2,5.438506803572011e-06
holdersitem,2,5.438506803572011e-06
honeywel,2,5.438506803572011e-06
hook,2,5.438506803572011e-06
opportunist,2,5.438506803572011e-06
household,2,5.438506803572011e-06
howel,2,5.438506803572011e-06
ohi,2,5.438506803572011e-06
hvac,2,5.438506803572011e-06
officersitem,2,5.438506803572011e-06
immateri,2,5.438506803572011e-06
tens,2,5.438506803572011e-06
indemn,2,5.438506803572011e-06
indemnite,2,5.438506803572011e-06
hanley,2,5.438506803572011e-06
gunsett,2,5.438506803572011e-06
forg,2,5.438506803572011e-06
guidelin,2,5.438506803572011e-06
sr,2,5.438506803572011e-06
timefram,2,5.438506803572011e-06
pendenc,2,5.438506803572011e-06
francisco,2,5.438506803572011e-06
tighten,2,5.438506803572011e-06
tier,2,5.438506803572011e-06
tiaa,2,5.438506803572011e-06
furnishedund,2,5.438506803572011e-06
fy,2,5.438506803572011e-06
gaapmeasureproliancelossesnon,2,5.438506803572011e-06
gambil,2,5.438506803572011e-06
game,2,5.438506803572011e-06
gasser,2,5.438506803572011e-06
thurber,2,5.438506803572011e-06
ge,2,5.438506803572011e-06
gear,2,5.438506803572011e-06
threaten,2,5.438506803572011e-06
globalfoundri,2,5.438506803572011e-06
gordon,2,5.438506803572011e-06
grain,2,5.438506803572011e-06
vcl,2,5.438506803572011e-06
packard,2,5.438506803572011e-06
guaranti,2,5.438506803572011e-06
temporari,2,5.438506803572011e-06
nsi,2,5.438506803572011e-06
insid,2,5.438506803572011e-06
norton,2,5.438506803572011e-06
mont,2,5.438506803572011e-06
symbol,2,5.438506803572011e-06
monetari,2,5.438506803572011e-06
symantec,2,5.438506803572011e-06
levi,2,5.438506803572011e-06
liam,2,5.438506803572011e-06
mitsubishi,2,5.438506803572011e-06
mitchel,2,5.438506803572011e-06
lifestyl,2,5.438506803572011e-06
lifo,2,5.438506803572011e-06
link,2,5.438506803572011e-06
ministeri,2,5.438506803572011e-06
surviv,2,5.438506803572011e-06
ltd,2,5.438506803572011e-06
miller,2,5.438506803572011e-06
surplu,2,5.438506803572011e-06
mi,2,5.438506803572011e-06
managementitem,2,5.438506803572011e-06
metal,2,5.438506803572011e-06
marketsitem,2,5.438506803572011e-06
master,2,5.438506803572011e-06
mcburni,2,5.438506803572011e-06
mcnamara,2,5.438506803572011e-06
lauri,2,5.438506803572011e-06
monthli,2,5.438506803572011e-06
latin,2,5.438506803572011e-06
iron,2,5.438506803572011e-06
north,2,5.438506803572011e-06
stewart,2,5.438506803572011e-06
intellig,2,5.438506803572011e-06
intercompani,2,5.438506803572011e-06
noncompetit,2,5.438506803572011e-06
njrcev,2,5.438506803572011e-06
newlin,2,5.438506803572011e-06
invoic,2,5.438506803572011e-06
ipo,2,5.438506803572011e-06
ireland,2,5.438506803572011e-06
itemfisc,2,5.438506803572011e-06
motor,2,5.438506803572011e-06
jane,2,5.438506803572011e-06
narrow,2,5.438506803572011e-06
nareit,2,5.438506803572011e-06
jeffrey,2,5.438506803572011e-06
judith,2,5.438506803572011e-06
tandem,2,5.438506803572011e-06
multipli,2,5.438506803572011e-06
koepfgen,2,5.438506803572011e-06
movement,2,5.438506803572011e-06
tab,2,5.438506803572011e-06
squar,2,5.438506803572011e-06
die,2,5.438506803572011e-06
ebitebit,2,5.438506803572011e-06
postretir,2,5.438506803572011e-06
emk,2,5.438506803572011e-06
ensur,2,5.438506803572011e-06
epidem,2,5.438506803572011e-06
delta,2,5.438506803572011e-06
pmc,2,5.438506803572011e-06
defici,2,5.438506803572011e-06
sometim,2,5.438506803572011e-06
exce,2,5.438506803572011e-06
defenc,2,5.438506803572011e-06
union,2,5.438506803572011e-06
extens,2,5.438506803572011e-06
trac,2,5.438506803572011e-06
unrel,2,5.438506803572011e-06
extraordinari,2,5.438506803572011e-06
plaintiff,2,5.438506803572011e-06
emd,2,5.438506803572011e-06
softwar,2,5.438506803572011e-06
fdic,2,5.438506803572011e-06
pound,2,5.438506803572011e-06
diseas,2,5.438506803572011e-06
disney,2,5.438506803572011e-06
district,2,5.438506803572011e-06
diversifi,2,5.438506803572011e-06
prevail,2,5.438506803572011e-06
pretsl,2,5.438506803572011e-06
devic,2,5.438506803572011e-06
problem,2,5.438506803572011e-06
timet,2,5.438506803572011e-06
detailedfinanci,2,5.438506803572011e-06
predetermin,2,5.438506803572011e-06
uncondit,2,5.438506803572011e-06
transmiss,2,5.438506803572011e-06
ppnr,2,5.438506803572011e-06
powelltitl,2,5.438506803572011e-06
facsimil,2,5.438506803572011e-06
defend,2,5.438506803572011e-06
pierc,2,5.438506803572011e-06
deal,2,5.438506803572011e-06
fifti,2,5.438506803572011e-06
tolley,2,5.438506803572011e-06
fifo,2,5.438506803572011e-06
daniel,2,5.438506803572011e-06
field,2,5.438506803572011e-06
fill,2,5.438506803572011e-06
pueblo,2,5.438506803572011e-06
davidar,2,5.438506803572011e-06
countermeasur,2,5.438506803572011e-06
tokyo,2,5.438506803572011e-06
peterson,2,5.438506803572011e-06
fenner,2,5.438506803572011e-06
flare,2,5.438506803572011e-06
finn,2,5.438506803572011e-06
fischer,2,5.438506803572011e-06
fhfa,2,5.438506803572011e-06
phylli,2,5.438506803572011e-06
debit,2,5.438506803572011e-06
feet,2,5.438506803572011e-06
take,1,2.7192534017860057e-06
zero,1,2.7192534017860057e-06
xa,1,2.7192534017860057e-06
viejo,1,2.7192534017860057e-06
xafter,1,2.7192534017860057e-06
talli,1,2.7192534017860057e-06
typograph,1,2.7192534017860057e-06
uaw,1,2.7192534017860057e-06
yoplait,1,2.7192534017860057e-06
tulan,1,2.7192534017860057e-06
tyco,1,2.7192534017860057e-06
writedown,1,2.7192534017860057e-06
tce,1,2.7192534017860057e-06
suit,1,2.7192534017860057e-06
tworeport,1,2.7192534017860057e-06
vidacar,1,2.7192534017860057e-06
sharexaft,1,2.7192534017860057e-06
sharexth,1,2.7192534017860057e-06
substanc,1,2.7192534017860057e-06
zohar,1,2.7192534017860057e-06
video,1,2.7192534017860057e-06
stranghoen,1,2.7192534017860057e-06
ta,1,2.7192534017860057e-06
synonym,1,2.7192534017860057e-06
upon,1,2.7192534017860057e-06
yale,1,2.7192534017860057e-06
suspend,1,2.7192534017860057e-06
unlimit,1,2.7192534017860057e-06
skiatook,1,2.7192534017860057e-06
sutter,1,2.7192534017860057e-06
xiii,1,2.7192534017860057e-06
verb,1,2.7192534017860057e-06
submiss,1,2.7192534017860057e-06
smilecareclub,1,2.7192534017860057e-06
undertook,1,2.7192534017860057e-06
sweetin,1,2.7192534017860057e-06
switzerland,1,2.7192534017860057e-06
undertak,1,2.7192534017860057e-06
subpoena,1,2.7192534017860057e-06
underground,1,2.7192534017860057e-06
underacrru,1,2.7192534017860057e-06
supervisori,1,2.7192534017860057e-06
viabil,1,2.7192534017860057e-06
yeareffect,1,2.7192534017860057e-06
smithtitl,1,2.7192534017860057e-06
yield,1,2.7192534017860057e-06
venezuelan,1,2.7192534017860057e-06
synergi,1,2.7192534017860057e-06
surrend,1,2.7192534017860057e-06
subsea,1,2.7192534017860057e-06
vacanc,1,2.7192534017860057e-06
sharexxth,1,2.7192534017860057e-06
timelin,1,2.7192534017860057e-06
tube,1,2.7192534017860057e-06
wellhead,1,2.7192534017860057e-06
threshold,1,2.7192534017860057e-06
therewith,1,2.7192534017860057e-06
standalon,1,2.7192534017860057e-06
welfar,1,2.7192534017860057e-06
shortfal,1,2.7192534017860057e-06
stanford,1,2.7192534017860057e-06
wherea,1,2.7192534017860057e-06
thrift,1,2.7192534017860057e-06
votesphilip,1,2.7192534017860057e-06
therefrom,1,2.7192534017860057e-06
wholli,1,2.7192534017860057e-06
votesjam,1,2.7192534017860057e-06
wi,1,2.7192534017860057e-06
votescindi,1,2.7192534017860057e-06
weaker,1,2.7192534017860057e-06
votesthoma,1,2.7192534017860057e-06
stipul,1,2.7192534017860057e-06
stabil,1,2.7192534017860057e-06
signal,1,2.7192534017860057e-06
toll,1,2.7192534017860057e-06
walsh,1,2.7192534017860057e-06
st,1,2.7192534017860057e-06
wachovia,1,2.7192534017860057e-06
ward,1,2.7192534017860057e-06
washington,1,2.7192534017860057e-06
voteswithheld,1,2.7192534017860057e-06
washingtonfeder,1,2.7192534017860057e-06
staf,1,2.7192534017860057e-06
water,1,2.7192534017860057e-06
spike,1,2.7192534017860057e-06
wayn,1,2.7192534017860057e-06
waynesboro,1,2.7192534017860057e-06
wilson,1,2.7192534017860057e-06
win,1,2.7192534017860057e-06
votescarlo,1,2.7192534017860057e-06
workstat,1,2.7192534017860057e-06
singl,1,2.7192534017860057e-06
temasek,1,2.7192534017860057e-06
televis,1,2.7192534017860057e-06
sheila,1,2.7192534017860057e-06
spa,1,2.7192534017860057e-06
worker,1,2.7192534017860057e-06
shay,1,2.7192534017860057e-06
tradenam,1,2.7192534017860057e-06
void,1,2.7192534017860057e-06
sterl,1,2.7192534017860057e-06
sp,1,2.7192534017860057e-06
tricon,1,2.7192534017860057e-06
teacher,1,2.7192534017860057e-06
tcfe,1,2.7192534017860057e-06
temporarili,1,2.7192534017860057e-06
ten,1,2.7192534017860057e-06
tenant,1,2.7192534017860057e-06
sherman,1,2.7192534017860057e-06
space,1,2.7192534017860057e-06
tenethealth,1,2.7192534017860057e-06
women,1,2.7192534017860057e-06
stengel,1,2.7192534017860057e-06
transitionon,1,2.7192534017860057e-06
texa,1,2.7192534017860057e-06
steadi,1,2.7192534017860057e-06
voter,1,2.7192534017860057e-06
thank,1,2.7192534017860057e-06
thecompani,1,2.7192534017860057e-06
speaker,1,2.7192534017860057e-06
train,1,2.7192534017860057e-06
votesamend,1,2.7192534017860057e-06
weld,1,2.7192534017860057e-06
abandon,1,2.7192534017860057e-06
septem,1,2.7192534017860057e-06
deck,1,2.7192534017860057e-06
dedic,1,2.7192534017860057e-06
def,1,2.7192534017860057e-06
defect,1,2.7192534017860057e-06
defeo,1,2.7192534017860057e-06
deferr,1,2.7192534017860057e-06
dehn,1,2.7192534017860057e-06
deleg,1,2.7192534017860057e-06
dell,1,2.7192534017860057e-06
demolit,1,2.7192534017860057e-06
demski,1,2.7192534017860057e-06
deni,1,2.7192534017860057e-06
dens,1,2.7192534017860057e-06
dent,1,2.7192534017860057e-06
depict,1,2.7192534017860057e-06
deputi,1,2.7192534017860057e-06
descent,1,2.7192534017860057e-06
desist,1,2.7192534017860057e-06
desktop,1,2.7192534017860057e-06
destin,1,2.7192534017860057e-06
detect,1,2.7192534017860057e-06
deterior,1,2.7192534017860057e-06
dickinson,1,2.7192534017860057e-06
diego,1,2.7192534017860057e-06
dip,1,2.7192534017860057e-06
directorson,1,2.7192534017860057e-06
discharg,1,2.7192534017860057e-06
disclosurefulton,1,2.7192534017860057e-06
decmber,1,2.7192534017860057e-06
deceas,1,2.7192534017860057e-06
discont,1,2.7192534017860057e-06
decad,1,2.7192534017860057e-06
constru,1,2.7192534017860057e-06
contributor,1,2.7192534017860057e-06
controlsin,1,2.7192534017860057e-06
convect,1,2.7192534017860057e-06
converison,1,2.7192534017860057e-06
convey,1,2.7192534017860057e-06
coopertir,1,2.7192534017860057e-06
coordin,1,2.7192534017860057e-06
copper,1,2.7192534017860057e-06
cormack,1,2.7192534017860057e-06
costtot,1,2.7192534017860057e-06
cpa,1,2.7192534017860057e-06
crisi,1,2.7192534017860057e-06
cross,1,2.7192534017860057e-06
crude,1,2.7192534017860057e-06
csc,1,2.7192534017860057e-06
curv,1,2.7192534017860057e-06
cusack,1,2.7192534017860057e-06
cxo,1,2.7192534017860057e-06
cybersecur,1,2.7192534017860057e-06
cynthia,1,2.7192534017860057e-06
dalla,1,2.7192534017860057e-06
damag,1,2.7192534017860057e-06
dashboard,1,2.7192534017860057e-06
dateaft,1,2.7192534017860057e-06
davern,1,2.7192534017860057e-06
deadlinesbecaus,1,2.7192534017860057e-06
disclosurenjr,1,2.7192534017860057e-06
disparag,1,2.7192534017860057e-06
gift,1,2.7192534017860057e-06
fhnc,1,2.7192534017860057e-06
fifth,1,2.7192534017860057e-06
find,1,2.7192534017860057e-06
fine,1,2.7192534017860057e-06
finfet,1,2.7192534017860057e-06
fingerprint,1,2.7192534017860057e-06
fiorenza,1,2.7192534017860057e-06
florenc,1,2.7192534017860057e-06
fluoropolym,1,2.7192534017860057e-06
fmc,1,2.7192534017860057e-06
footnot,1,2.7192534017860057e-06
forb,1,2.7192534017860057e-06
foundat,1,2.7192534017860057e-06
fowler,1,2.7192534017860057e-06
frame,1,2.7192534017860057e-06
fran,1,2.7192534017860057e-06
frederick,1,2.7192534017860057e-06
freez,1,2.7192534017860057e-06
ftca,1,2.7192534017860057e-06
fticonsult,1,2.7192534017860057e-06
fulfil,1,2.7192534017860057e-06
garden,1,2.7192534017860057e-06
gattoni,1,2.7192534017860057e-06
genstar,1,2.7192534017860057e-06
geographi,1,2.7192534017860057e-06
georgeson,1,2.7192534017860057e-06
georgia,1,2.7192534017860057e-06
germani,1,2.7192534017860057e-06
fi,1,2.7192534017860057e-06
fdon,1,2.7192534017860057e-06
dissolut,1,2.7192534017860057e-06
fals,1,2.7192534017860057e-06
divers,1,2.7192534017860057e-06
doctrin,1,2.7192534017860057e-06
domiciliari,1,2.7192534017860057e-06
donald,1,2.7192534017860057e-06
dow,1,2.7192534017860057e-06
drill,1,2.7192534017860057e-06
driver,1,2.7192534017860057e-06
ebitdaebitda,1,2.7192534017860057e-06
ebitdath,1,2.7192534017860057e-06
eddi,1,2.7192534017860057e-06
edmond,1,2.7192534017860057e-06
effectu,1,2.7192534017860057e-06
element,1,2.7192534017860057e-06
elien,1,2.7192534017860057e-06
emea,1,2.7192534017860057e-06
encumb,1,2.7192534017860057e-06
endeddecemb,1,2.7192534017860057e-06
eprkc,1,2.7192534017860057e-06
eric,1,2.7192534017860057e-06
essenti,1,2.7192534017860057e-06
eugen,1,2.7192534017860057e-06
eventu,1,2.7192534017860057e-06
executor,1,2.7192534017860057e-06
exhibitsth,1,2.7192534017860057e-06
extend,1,2.7192534017860057e-06
extinguish,1,2.7192534017860057e-06
extrud,1,2.7192534017860057e-06
consol,1,2.7192534017860057e-06
conserv,1,2.7192534017860057e-06
connor,1,2.7192534017860057e-06
attempt,1,2.7192534017860057e-06
attn,1,2.7192534017860057e-06
authorit,1,2.7192534017860057e-06
avoid,1,2.7192534017860057e-06
awardrobert,1,2.7192534017860057e-06
balloon,1,2.7192534017860057e-06
bancshar,1,2.7192534017860057e-06
basin,1,2.7192534017860057e-06
baylor,1,2.7192534017860057e-06
bcfe,1,2.7192534017860057e-06
bdo,1,2.7192534017860057e-06
becton,1,2.7192534017860057e-06
bellusco,1,2.7192534017860057e-06
benefici,1,2.7192534017860057e-06
beneficiari,1,2.7192534017860057e-06
berkeley,1,2.7192534017860057e-06
bermuda,1,2.7192534017860057e-06
bernzomat,1,2.7192534017860057e-06
besid,1,2.7192534017860057e-06
bgc,1,2.7192534017860057e-06
biel,1,2.7192534017860057e-06
biotechnolog,1,2.7192534017860057e-06
birmingham,1,2.7192534017860057e-06
blc,1,2.7192534017860057e-06
block,1,2.7192534017860057e-06
bmo,1,2.7192534017860057e-06
bodi,1,2.7192534017860057e-06
boerenleenbank,1,2.7192534017860057e-06
attende,1,2.7192534017860057e-06
attain,1,2.7192534017860057e-06
conditionson,1,2.7192534017860057e-06
atlanta,1,2.7192534017860057e-06
absenc,1,2.7192534017860057e-06
accept,1,2.7192534017860057e-06
accredit,1,2.7192534017860057e-06
accumul,1,2.7192534017860057e-06
accur,1,2.7192534017860057e-06
accuraci,1,2.7192534017860057e-06
activitieson,1,2.7192534017860057e-06
acut,1,2.7192534017860057e-06
affix,1,2.7192534017860057e-06
aftermarket,1,2.7192534017860057e-06
ag,1,2.7192534017860057e-06
agenda,1,2.7192534017860057e-06
agreementon,1,2.7192534017860057e-06
aircraft,1,2.7192534017860057e-06
alexand,1,2.7192534017860057e-06
ali,1,2.7192534017860057e-06
allianc,1,2.7192534017860057e-06
amongst,1,2.7192534017860057e-06
amortiz,1,2.7192534017860057e-06
amortizationearn,1,2.7192534017860057e-06
amountexpect,1,2.7192534017860057e-06
analys,1,2.7192534017860057e-06
anthoni,1,2.7192534017860057e-06
apex,1,2.7192534017860057e-06
appar,1,2.7192534017860057e-06
apprais,1,2.7192534017860057e-06
asx,1,2.7192534017860057e-06
bombora,1,2.7192534017860057e-06
bonusrobert,1,2.7192534017860057e-06
bookrunn,1,2.7192534017860057e-06
bottler,1,2.7192534017860057e-06
chicago,1,2.7192534017860057e-06
children,1,2.7192534017860057e-06
china,1,2.7192534017860057e-06
chipset,1,2.7192534017860057e-06
chosen,1,2.7192534017860057e-06
christin,1,2.7192534017860057e-06
cien,1,2.7192534017860057e-06
circl,1,2.7192534017860057e-06
cisco,1,2.7192534017860057e-06
citi,1,2.7192534017860057e-06
clara,1,2.7192534017860057e-06
clarif,1,2.7192534017860057e-06
clariti,1,2.7192534017860057e-06
clinton,1,2.7192534017860057e-06
cng,1,2.7192534017860057e-06
cnllifestylereit,1,2.7192534017860057e-06
coat,1,2.7192534017860057e-06
cobra,1,2.7192534017860057e-06
codif,1,2.7192534017860057e-06
collabor,1,2.7192534017860057e-06
columbu,1,2.7192534017860057e-06
commonli,1,2.7192534017860057e-06
commut,1,2.7192534017860057e-06
compassminer,1,2.7192534017860057e-06
complic,1,2.7192534017860057e-06
compound,1,2.7192534017860057e-06
conditionat,1,2.7192534017860057e-06
chc,1,2.7192534017860057e-06
chanceri,1,2.7192534017860057e-06
chace,1,2.7192534017860057e-06
brundig,1,2.7192534017860057e-06
brad,1,2.7192534017860057e-06
bradenton,1,2.7192534017860057e-06
brasil,1,2.7192534017860057e-06
brasileiro,1,2.7192534017860057e-06
breeden,1,2.7192534017860057e-06
bremen,1,2.7192534017860057e-06
bret,1,2.7192534017860057e-06
brexit,1,2.7192534017860057e-06
bridg,1,2.7192534017860057e-06
broadli,1,2.7192534017860057e-06
brokernon,1,2.7192534017860057e-06
brookston,1,2.7192534017860057e-06
bs,1,2.7192534017860057e-06
cfr,1,2.7192534017860057e-06
burnham,1,2.7192534017860057e-06
buy,1,2.7192534017860057e-06
cambodia,1,2.7192534017860057e-06
cambridg,1,2.7192534017860057e-06
capacitor,1,2.7192534017860057e-06
capel,1,2.7192534017860057e-06
capella,1,2.7192534017860057e-06
card,1,2.7192534017860057e-06
career,1,2.7192534017860057e-06
carefus,1,2.7192534017860057e-06
carnegi,1,2.7192534017860057e-06
carter,1,2.7192534017860057e-06
geveden,1,2.7192534017860057e-06
glenn,1,2.7192534017860057e-06
sepemb,1,2.7192534017860057e-06
perceiv,1,2.7192534017860057e-06
perpetu,1,2.7192534017860057e-06
petrobra,1,2.7192534017860057e-06
petroleo,1,2.7192534017860057e-06
ph,1,2.7192534017860057e-06
pharmac,1,2.7192534017860057e-06
phase,1,2.7192534017860057e-06
philadelphia,1,2.7192534017860057e-06
phrase,1,2.7192534017860057e-06
picker,1,2.7192534017860057e-06
play,1,2.7192534017860057e-06
policyhold,1,2.7192534017860057e-06
portwar,1,2.7192534017860057e-06
preciou,1,2.7192534017860057e-06
prejudic,1,2.7192534017860057e-06
premier,1,2.7192534017860057e-06
presen,1,2.7192534017860057e-06
presenc,1,2.7192534017860057e-06
prevent,1,2.7192534017860057e-06
prevost,1,2.7192534017860057e-06
princ,1,2.7192534017860057e-06
prism,1,2.7192534017860057e-06
privaci,1,2.7192534017860057e-06
processon,1,2.7192534017860057e-06
processor,1,2.7192534017860057e-06
professor,1,2.7192534017860057e-06
profil,1,2.7192534017860057e-06
programon,1,2.7192534017860057e-06
perman,1,2.7192534017860057e-06
penultim,1,2.7192534017860057e-06
pump,1,2.7192534017860057e-06
pc,1,2.7192534017860057e-06
myla,1,2.7192534017860057e-06
nackel,1,2.7192534017860057e-06
nd,1,2.7192534017860057e-06
nervewir,1,2.7192534017860057e-06
nonrecur,1,2.7192534017860057e-06
northeast,1,2.7192534017860057e-06
notebook,1,2.7192534017860057e-06
officedepot,1,2.7192534017860057e-06
officerd,1,2.7192534017860057e-06
officersth,1,2.7192534017860057e-06
offshor,1,2.7192534017860057e-06
oiltank,1,2.7192534017860057e-06
omegahealthcar,1,2.7192534017860057e-06
optim,1,2.7192534017860057e-06
orlando,1,2.7192534017860057e-06
osb,1,2.7192534017860057e-06
oshkosh,1,2.7192534017860057e-06
outfitt,1,2.7192534017860057e-06
outplac,1,2.7192534017860057e-06
oversight,1,2.7192534017860057e-06
pa,1,2.7192534017860057e-06
pacwestbancorp,1,2.7192534017860057e-06
parallel,1,2.7192534017860057e-06
patel,1,2.7192534017860057e-06
paul,1,2.7192534017860057e-06
payback,1,2.7192534017860057e-06
payor,1,2.7192534017860057e-06
prove,1,2.7192534017860057e-06
qs,1,2.7192534017860057e-06
glossari,1,2.7192534017860057e-06
revoc,1,2.7192534017860057e-06
ribar,1,2.7192534017860057e-06
ridg,1,2.7192534017860057e-06
rigor,1,2.7192534017860057e-06
ringer,1,2.7192534017860057e-06
riski,1,2.7192534017860057e-06
rmicc,1,2.7192534017860057e-06
ross,1,2.7192534017860057e-06
rotc,1,2.7192534017860057e-06
row,1,2.7192534017860057e-06
rsu,1,2.7192534017860057e-06
run,1,2.7192534017860057e-06
rwa,1,2.7192534017860057e-06
sagar,1,2.7192534017860057e-06
salliema,1,2.7192534017860057e-06
santa,1,2.7192534017860057e-06
sap,1,2.7192534017860057e-06
scepter,1,2.7192534017860057e-06
sch,1,2.7192534017860057e-06
schoepflin,1,2.7192534017860057e-06
schroeder,1,2.7192534017860057e-06
schuel,1,2.7192534017860057e-06
scienc,1,2.7192534017860057e-06
scientif,1,2.7192534017860057e-06
seat,1,2.7192534017860057e-06
securitiesth,1,2.7192534017860057e-06
seiji,1,2.7192534017860057e-06
semi,1,2.7192534017860057e-06
rhode,1,2.7192534017860057e-06
revalu,1,2.7192534017860057e-06
quantifi,1,2.7192534017860057e-06
resum,1,2.7192534017860057e-06
quarteraft,1,2.7192534017860057e-06
quarteru,1,2.7192534017860057e-06
quotient,1,2.7192534017860057e-06
rabobank,1,2.7192534017860057e-06
raiffeisen,1,2.7192534017860057e-06
ram,1,2.7192534017860057e-06
reapprov,1,2.7192534017860057e-06
rebat,1,2.7192534017860057e-06
recipi,1,2.7192534017860057e-06
reclam,1,2.7192534017860057e-06
recreat,1,2.7192534017860057e-06
reevalu,1,2.7192534017860057e-06
referendum,1,2.7192534017860057e-06
referr,1,2.7192534017860057e-06
refil,1,2.7192534017860057e-06
refriger,1,2.7192534017860057e-06
regain,1,2.7192534017860057e-06
rei,1,2.7192534017860057e-06
reinforc,1,2.7192534017860057e-06
releaseson,1,2.7192534017860057e-06
remnant,1,2.7192534017860057e-06
render,1,2.7192534017860057e-06
renesa,1,2.7192534017860057e-06
represent,1,2.7192534017860057e-06
repurpos,1,2.7192534017860057e-06
requisit,1,2.7192534017860057e-06
rescind,1,2.7192534017860057e-06
myer,1,2.7192534017860057e-06
multimedia,1,2.7192534017860057e-06
mufg,1,2.7192534017860057e-06
inelig,1,2.7192534017860057e-06
ingersol,1,2.7192534017860057e-06
inher,1,2.7192534017860057e-06
ink,1,2.7192534017860057e-06
instabl,1,2.7192534017860057e-06
intel,1,2.7192534017860057e-06
inter,1,2.7192534017860057e-06
intercept,1,2.7192534017860057e-06
intervent,1,2.7192534017860057e-06
introduct,1,2.7192534017860057e-06
involuntari,1,2.7192534017860057e-06
irapuato,1,2.7192534017860057e-06
itali,1,2.7192534017860057e-06
jason,1,2.7192534017860057e-06
jd,1,2.7192534017860057e-06
jennif,1,2.7192534017860057e-06
jersey,1,2.7192534017860057e-06
johannesburg,1,2.7192534017860057e-06
jp,1,2.7192534017860057e-06
jpmorgan,1,2.7192534017860057e-06
abc,1,2.7192534017860057e-06
kansa,1,2.7192534017860057e-06
kathi,1,2.7192534017860057e-06
kingdom,1,2.7192534017860057e-06
klein,1,2.7192534017860057e-06
koblenz,1,2.7192534017860057e-06
kumamoto,1,2.7192534017860057e-06
lab,1,2.7192534017860057e-06
infus,1,2.7192534017860057e-06
indirect,1,2.7192534017860057e-06
mueller,1,2.7192534017860057e-06
india,1,2.7192534017860057e-06
gmbh,1,2.7192534017860057e-06
goe,1,2.7192534017860057e-06
governor,1,2.7192534017860057e-06
grace,1,2.7192534017860057e-06
grante,1,2.7192534017860057e-06
ground,1,2.7192534017860057e-06
hamano,1,2.7192534017860057e-06
harmless,1,2.7192534017860057e-06
hazelgrov,1,2.7192534017860057e-06
heater,1,2.7192534017860057e-06
height,1,2.7192534017860057e-06
highep,1,2.7192534017860057e-06
hiller,1,2.7192534017860057e-06
hoffman,1,2.7192534017860057e-06
holdco,1,2.7192534017860057e-06
hone,1,2.7192534017860057e-06
htm,1,2.7192534017860057e-06
hunt,1,2.7192534017860057e-06
huron,1,2.7192534017860057e-06
il,1,2.7192534017860057e-06
illinoi,1,2.7192534017860057e-06
illiquid,1,2.7192534017860057e-06
impass,1,2.7192534017860057e-06
imposit,1,2.7192534017860057e-06
inadvert,1,2.7192534017860057e-06
inconsist,1,2.7192534017860057e-06
incurr,1,2.7192534017860057e-06
laid,1,2.7192534017860057e-06
lambert,1,2.7192534017860057e-06
lamont,1,2.7192534017860057e-06
landi,1,2.7192534017860057e-06
mckinsey,1,2.7192534017860057e-06
measuresin,1,2.7192534017860057e-06
measuresto,1,2.7192534017860057e-06
mechan,1,2.7192534017860057e-06
media,1,2.7192534017860057e-06
medicalpropertiestrust,1,2.7192534017860057e-06
medtec,1,2.7192534017860057e-06
mehrabian,1,2.7192534017860057e-06
membership,1,2.7192534017860057e-06
merril,1,2.7192534017860057e-06
metrocorp,1,2.7192534017860057e-06
michigan,1,2.7192534017860057e-06
microelectron,1,2.7192534017860057e-06
microprocessor,1,2.7192534017860057e-06
midland,1,2.7192534017860057e-06
milan,1,2.7192534017860057e-06
millionacceler,1,2.7192534017860057e-06
millionfacil,1,2.7192534017860057e-06
minimum,1,2.7192534017860057e-06
minnesota,1,2.7192534017860057e-06
missouri,1,2.7192534017860057e-06
mobil,1,2.7192534017860057e-06
moder,1,2.7192534017860057e-06
monolithicpow,1,2.7192534017860057e-06
morel,1,2.7192534017860057e-06
moreov,1,2.7192534017860057e-06
mpia,1,2.7192534017860057e-06
mcginni,1,2.7192534017860057e-06
mccradi,1,2.7192534017860057e-06
mba,1,2.7192534017860057e-06
loop,1,2.7192534017860057e-06
layoff,1,2.7192534017860057e-06
leav,1,2.7192534017860057e-06
legend,1,2.7192534017860057e-06
lenovo,1,2.7192534017860057e-06
liberti,1,2.7192534017860057e-06
lien,1,2.7192534017860057e-06
lieu,1,2.7192534017860057e-06
lift,1,2.7192534017860057e-06
linkbas,1,2.7192534017860057e-06
listingon,1,2.7192534017860057e-06
lloyd,1,2.7192534017860057e-06
lock,1,2.7192534017860057e-06
louisiana,1,2.7192534017860057e-06
maximum,1,2.7192534017860057e-06
ltda,1,2.7192534017860057e-06
lynch,1,2.7192534017860057e-06
machineri,1,2.7192534017860057e-06
madison,1,2.7192534017860057e-06
magazin,1,2.7192534017860057e-06
malcolm,1,2.7192534017860057e-06
managementreport,1,2.7192534017860057e-06
mandatorili,1,2.7192534017860057e-06
marietta,1,2.7192534017860057e-06
marvin,1,2.7192534017860057e-06
massachusett,1,2.7192534017860057e-06
matterx,1,2.7192534017860057e-06
justic,1,2.7192534017860057e-06
